player_id,player_name,bat_style,bowl_style,field_pos,player_full_name,player_name2,player_image
6730,Mohsin Khan,Left hand Bat,Left arm Medium fast,NULL,Mohsin Khan,Mohsin Khan,
22,Rashid Khan,Right hand Bat,Legbreak Googly, ,Rashid Khan Arman,Rashid Khan,https://www.espncricinfo.com/cricketers/rashid-khan-793463
590,K Rabada,Left hand Bat,Right arm Fast, ,Kagiso Rabada,Kagiso Rabada,https://ipl-stats-sports-mechanic.s3.ap-south-1.amazonaws.com/ipl/playerimages/Kagiso%20Rabada.png
1424,SN Khan,Right hand Bat,Legbreak, ,Sarfaraz Naushad Khan,Sarfaraz Naushad,
963,MN Samuels,Right hand Bat,Right arm Offbreak, ,Marlon Nathaniel Samuels,Marlon Nathaniel,
53,SB Jakati,Left hand Bat,Slow Left arm Orthodox, ,Shadab Bashir Jakati,Shadab Bashir,
12,DA Warner,Left hand Bat,Legbreak, ,David Andrew Warner,David Andrew,https://ipl-stats-sports-mechanic.s3.ap-south-1.amazonaws.com/ipl/playerimages/David%20Warner.png
73,MP Stoinis,Right hand Bat,Right arm Medium, ,Marcus Peter Stoinis,Marcus Peter,
1119,R Tewatia,Left hand Bat,Legbreak, ,Rahul Tewatia,Rahul Tewatia,https://www.espncricinfo.com/cricketers/rahul-tewatia-423838
268,RA Tripathi,Right hand Bat,Right arm Medium, ,Rahul Ajay Tripathi,Rahul Ajay,
163,RD Chahar,Right hand Bat,Legbreak Googly, ,Rahul Desraj Chahar,Rahul Desraj,
186,S Nadeem,Right hand Bat,Slow Left arm Orthodox, ,Shahbaz Nadeem,Shahbaz Nadeem,
59,MK Pandey,Right hand Bat,Right arm Medium, ,Manish Krishnanand Pandey,Manish Krishnanand,
531,KS Williamson,Right hand Bat,Right arm Offbreak, ,Kane Stuart Williamson,Kane Stuart,https://ipl-stats-sports-mechanic.s3.ap-south-1.amazonaws.com/ipl/playerimages/Kane%20Williamson.png
56,G Gambhir,Left hand Bat,Legbreak, ,Gautam Gambhir,Gautam Gambhir,https://documents.iplt20.com/playerheadshot/ipl/284/84.png
39,MK Tiwary,Right hand Bat,Legbreak Googly, ,Manoj Kumar Tiwary,Manoj Kumar,
68,M Vohra,Right hand Bat,Right arm Medium, ,Manan Vohra,Manan Vohra,
638,NB Singh,Right hand Bat,Right arm Medium, ,Nathu Bharat Singh,Nathu Bharat,
40,R Bhatia,Right hand Bat,Right arm Medium fast, ,Rajat Bhatia,Rajat Bhatia,
1233,SS Tiwary,Left hand Bat, , ,Saurabh Sunil Tiwary,Saurabh Sunil,
1396,MA Wood,Right hand Bat,Right arm Fast, ,Mark Andrew Wood,Mark Andrew,
47,SK Raina,Left hand Bat,Right arm Offbreak, ,Suresh Kumar Raina,Suresh Kumar,
1242,R Vinay Kumar,Right hand Bat,Right arm Medium, ,Ranganath Vinay Kumar,Ranganath Vinay,
541,SE Marsh,Left hand Bat,Slow Left arm Orthodox, ,Shaun Edward Marsh,Shaun Edward,https://cricclubs.com/documentsRep/profilePics/6c5d3a99-b18a-47b6-ba2e-5dae071b3452.png
6,Sachin Baby,Left hand Bat,Right arm Offbreak, ,Sachin Baby,Sachin Baby,https://www.espncricinfo.com/cricketers/sachin-baby-432783
525,J Yadav,Right hand Bat,Right arm Offbreak, ,Jayant Yadav,Jayant Yadav,https://www.espncricinfo.com/cricketers/jayant-yadav-447587
70,AR Patel,Left hand Bat,Slow Left arm Orthodox, ,Axar Rajeshbhai Patel,Axar Rajeshbhai,
63,PP Chawla,Left hand Bat,Legbreak, ,Piyush Pramod Chawla,Piyush Pramod,
30,HH Pandya,Right hand Bat,Right arm Medium fast, ,Hardik Himanshu Pandya,Hardik Himanshu,
36,SPD Smith,Right hand Bat,Legbreak Googly, ,Steven Peter Devereux Smith,Steven Peter,
55,S Kaushik,Right hand Bat,Left arm Wrist spin, ,Shivil Kaushik,Shivil Kaushik,
52,P Kumar,Right hand Bat,Right arm Medium, ,Praveenkumar Sakat Singh,Praveenkumar Sakat,
41,DL Chahar,Right hand Bat,Right arm Medium, ,Deepak Lokandersingh Chahar,Deepak Lokandersingh,
1429,K Khejroliya,Left hand Bat,Left arm Medium fast, ,Kulwant Khejroliya,Kulwant Khejroliya,https://www.espncricinfo.com/cricketers/kulwant-khejroliya-1083033
32,MJ McClenaghan,Left hand Bat,Left arm Fast medium, ,Mitchell John McClenaghan,Mitchell John,
457,AD Mathews,Right hand Bat,Right arm Medium, ,Angelo Davis Mathews,Angelo Davis,
1286,Avesh Khan,Right hand Bat,Right arm Fast medium, ,Avesh Khan,Avesh Khan,https://www.espncricinfo.com/cricketers/avesh-khan-694211
45,JJ Roy,Right hand Bat, , ,Jason Jonathan Roy,Jason Jonathan,
43,AB Dinda,Right hand Bat,Right arm Medium fast, ,Ashok Bhimchandra Dinda,Ashok Bhimchandra,
579,Shakib Al Hasan,Left hand Bat,Slow Left arm Orthodox, ,Shakib Al Hasan,Shakib Al,
1448,K Gowtham,Right hand Bat,Right arm Offbreak, ,Krishnappa Gowtham,Krishnappa Gowtham,
72,DA Miller,Left hand Bat,Right arm Offbreak, ,David Andrew Miller,David Andrew,
60,YK Pathan,Right hand Bat,Right arm Offbreak, ,Yusuf Khan Pathan,Yusuf Khan,
7,STR Binny,Right hand Bat,Right arm Medium, ,Stuart Terence Roger Binny,Stuart Terence,
3,TM Head,Left hand Bat,Right arm Offbreak,Wicketkeeper,Travis Michael Head,Travis Michael,https://ipl-stats-sports-mechanic.s3.ap-south-1.amazonaws.com/ipl/playerimages/Travis%20Head.png
173,Iqbal Abdulla,Left hand Bat,Slow Left arm Orthodox, ,Sayed Iqbal Abdulla,Sayed Iqbal,
15,Yuvraj Singh,Left hand Bat,Slow Left arm Orthodox, ,Yuvraj Singh,Yuvraj Singh,
74,Swapnil Singh,Right hand Bat,Slow Left arm Orthodox, ,Swapnil Singh,Swapnil Singh,https://www.espncricinfo.com/cricketers/swapnil-singh-232292
760,MJ Guptill,Right hand Bat,Right arm Offbreak, ,Martin James Guptill,Martin James,
182,CH Morris,Right hand Bat,Right arm Fast medium, ,Christopher Henry Morris,Christopher Henry,
361,LH Ferguson,Right hand Bat,Right arm Fast, ,Lachlan Hammond Ferguson,Lachlan Hammond,
1285,HV Patel,Right hand Bat,Right arm Medium, ,Harshal Vikram Patel,Harshal Vikram,https://ipl-stats-sports-mechanic.s3.ap-south-1.amazonaws.com/ipl/playerimages/Harshal%20Patel.png
1449,S Gopal,Right hand Bat,Legbreak, ,Shreyas Gopal,Shreyas Gopal,https://www.espncricinfo.com/cricketers/shreyas-gopal-344580
405,KC Cariappa,Right hand Bat,Legbreak, ,Konganda Charamanna Cariappa,Konganda Charamanna,
196,Basil Thampi,Right hand Bat,Right arm Fast medium, ,Basil Thampi,Basil Thampi,
744,AR Bawne,Right hand Bat,Right arm Offbreak, ,Ankit Ramdas Bawne,Ankit Ramdas,
676,KV Sharma,Left hand Bat,Legbreak Googly, ,Karn Vinod Sharma,Karn Vinod,
171,Vishnu Vinod,Right hand Bat, ,Wicketkeeper,Vishnu Vinod,Vishnu Vinod,https://www.espncricinfo.com/cricketers/vishnu-vinod-732293
332,V Kohli,Right hand Bat,Right arm Medium, ,Virat Kohli,Virat Kohli,https://ipl-stats-sports-mechanic.s3.ap-south-1.amazonaws.com/ipl/playerimages/Virat%20Kohli.png
28,KH Pandya,Left hand Bat,Slow Left arm Orthodox, ,Krunal Himanshu Pandya,Krunal Himanshu,
448,AF Milne,Right hand Bat,Right arm Fast, ,Adam Fraser Milne,Adam Fraser,
20,B Kumar,Right hand Bat,Right arm Medium, ,Bhuvneshwar Kumar Singh,Bhuvneshwar Kumar,https://ipl-stats-sports-mechanic.s3.ap-south-1.amazonaws.com/ipl/playerimages/Bhuvneshwar%20Kumar.png
347,Ishan Kishan,Left hand Bat, ,Wicketkeeper,Ishan Pranav Kumar Pandey Kishan,Ishan Pranav,https://ipl-stats-sports-mechanic.s3.ap-south-1.amazonaws.com/ipl/playerimages/Ishan%20Kishan.png
65,SP Narine,Left hand Bat,Right arm Offbreak, ,Sunil Philip Narine,Sunil Philip,
359,Ankit Sharma,Left hand Bat,Slow Left arm Orthodox, ,Ankit Nagendra Sharma,Ankit Nagendra,
187,Z Khan,Right hand Bat,Left arm Fast medium, ,Zaheer Khan,Zaheer Khan,
185,A Mishra,Right hand Bat,Legbreak, ,Amit Mishra,Amit Mishra,
726,Ankit Soni,Right hand Bat,Legbreak, ,Ankit Soni,Ankit Soni,
197,Tejas Baroka,Right hand Bat,Legbreak Googly, ,Tejas Baroka,Tejas Baroka,
5,SR Watson,Right hand Bat,Right arm Fast medium, ,Shane Robert Watson,Shane Robert,
460,Mohammed Shami,Right hand Bat,Right arm Fast, ,Mohammed Shami Ahmed,Mohammed Shami,https://ipl-stats-sports-mechanic.s3.ap-south-1.amazonaws.com/ipl/playerimages/Mohammad%20Shami.png
351,AJ Tye,Right hand Bat,Right arm Medium fast, ,Andrew James Tye,Andrew James,https://ipl-stats-sports-mechanic.s3.ap-south-1.amazonaws.com/ipl/playerimages/Andrew%20Tye.png
1393,DJ Bravo,Right hand Bat,Right arm Medium, ,Dwayne John Bravo,Dwayne John,https://ipl-stats-sports-mechanic.s3.ap-south-1.amazonaws.com/ipl/playerimages/Dwayne%20Bravo.png
177,AP Tare,Right hand Bat, ,Wicketkeeper,Aditya Prakash Tare,Aditya Prakash,
7539,B Indrajith,Right hand Bat,Legbreak Googly, ,Baba Indrajith,Baba Indrajith,
4063,T Banton,Right hand Bat, ,Wicketkeeper,Tom Banton,Tom Banton,
6115,K Yadav,Left hand Bat,Left arm Fast medium, ,Kuldip Yadav,Kuldip Yadav,
3649,AS Roy,Left hand Bat,Slow Left arm Orthodox, ,Anukul Sudhakar Roy,Anukul Sudhakar,
5407,M Shahrukh Khan,Right hand Bat,Right arm Offbreak, ,Masood Shahrukh Khan,Masood Shahrukh,
4960,MR Marsh,Right hand Bat,Right arm Medium, ,Mitchell Ross Marsh,Mitchell Ross,
6761,R Shepherd,Right hand Bat,Right arm Fast medium, ,Romario Shepherd,Romario Shepherd,https://www.espncricinfo.com/cricketers/romario-shepherd-677077
8321,Rahmanullah Gurbaz,Right hand Bat, ,Wicketkeeper,Rahmanullah Gurbaz,Rahmanullah Gurbaz,https://www.espncricinfo.com/cricketers/rahmanullah-gurbaz-974087
7751,SA Abbott,Right hand Bat,Right arm Fast medium, ,Sean Anthony Abbott,Sean Anthony,
7302,OC McCoy,Left hand Bat,Left arm Fast medium, ,Obed  Christopher McCoy,Obed  Christopher,
4970,P Dubey,Right hand Bat,Legbreak Googly, ,Praveen Dubey,Praveen Dubey,
8355,Mukesh Kumar,Right hand Bat,Right arm Medium, ,Mukesh Kumar,Mukesh Kumar,https://www.espncricinfo.com/cricketers/mukesh-kumar-926851
3451,DW Steyn,Right hand Bat,Right arm Fast, ,Dale Willem Steyn,Dale Willem,
5411,RP Meredith,Right hand Bat,Right arm Fast, ,Riley Patrick Meredith,Riley Patrick,
4098,JO Holder,Right hand Bat,Right arm Medium fast, ,Jason Omar Holder,Jason Omar,
7895,R Sai Kishore,Left hand Bat,Slow Left arm Orthodox, ,Ravisrinivasan Sai Kishore,Ravisrinivasan Sai,
1805,RK Bhui,Right hand Bat,Legbreak Googly, ,Ricky Kannakumar Bhui,Ricky Kannakumar,
6054,AK Markram,Right hand Bat,Right arm Offbreak, ,Aiden Kyle Markram,Aiden Kyle,
6710,Akash Deep,Right hand Bat,Right arm Fast medium, ,Akash Deep,Akash Deep,https://www.espncricinfo.com/cricketers/akash-deep-1176959
5976,KS Bharat,Right hand Bat, ,Wicketkeeper,Kona Srikar Bharat,Kona Srikar,
6681,Tilak Varma,Left hand Bat,Right arm Offbreak, ,Namboori Thakur Tilak Varma,Namboori Thakur,
4119,RD Gaikwad,Right hand Bat,Right arm Offbreak, ,Ruturaj Dashrat Gaikwad,Ruturaj Dashrat,https://ipl-stats-sports-mechanic.s3.ap-south-1.amazonaws.com/ipl/playerimages/Ruturaj%20Gaikwad.png
6739,A Manohar,Right hand Bat,Legbreak Googly, ,Abhinav Manohar,Abhinav Manohar,https://www.espncricinfo.com/cricketers/abhinav-manohar-778963
7843,Fazalhaq Farooqi,Right hand Bat,Left arm Fast medium, ,Fazalhaq Farooqi,Fazalhaq Farooqi,https://www.espncricinfo.com/cricketers/fazalhaq-farooqi-974175
7083,KR Sen,Right hand Bat,Right arm Fast, ,Kuldeep Rampal Sen,Kuldeep Rampal,
3747,P Simran Singh,Right hand Bat, ,Wicketkeeper,Prabhsimran Singh,Prabhsimran Singh,https://www.espncricinfo.com/cricketers/prabhsimran-singh-1161024
5343,M Jansen,Right hand Bat,Left arm Medium fast, ,Marco Jansen,Marco Jansen,https://www.espncricinfo.com/cricketers/marco-jansen-696401
5629,FA Allen,Right hand Bat,Slow Left arm Orthodox, ,Fabian Anthony Allen,Fabian Anthony,
5935,Anuj Rawat,Left hand Bat, , ,Anuj Rawat,Anuj Rawat,https://www.espncricinfo.com/cricketers/anuj-rawat-1123073
7017,M Theekshana,Right hand Bat,Right arm Offbreak, ,Morawakage Maheesh Theekshana,Morawakage Maheesh,
1833,JC Archer,Right hand Bat,Right arm Fast, ,Jofra Chioke Archer,Jofra Chioke,
2142,DJ Willey,Left hand Bat,Left arm Fast medium, ,David Jonathan Willey,David Jonathan,
1849,PP Shaw,Right hand Bat,Right arm Offbreak, ,Prithvi Pankaj Shaw,Prithvi Pankaj,
6017,Umran Malik,Right hand Bat,Right arm Fast, ,Umran Malik,Umran Malik,
2295,SP Goswami,Left hand Bat, ,Wicketkeeper,Shreevats Pratyush Goswami,Shreevats Pratyush,
3156,HF Gurney,Right hand Bat,Left arm Fast medium, ,Harry Frederick Gurney,Harry Frederick,
2743,CA Ingram,Left hand Bat,Legbreak,Wicketkeeper,Colin Alexander Ingram,Colin Alexander,
6798,Mukesh Choudhary,Left hand Bat,Left arm Medium, ,Mukesh Choudhary,Mukesh Choudhary,https://www.espncricinfo.com/cricketers/mukesh-choudhary-1125688
3214,SD Lad,Right hand Bat,Right arm Offbreak, ,Siddhesh Dinesh Lad,Siddhesh Dinesh,
8305,J Little,Right hand Bat,Left arm Fast medium, ,Joshua Brian Little,Joshua Brian,
8007,M Pathirana,Right hand Bat,Right arm Fast, ,Matheesha Pathirana,Matheesha Pathirana,https://www.espncricinfo.com/cricketers/matheesha-pathirana-1194795
2701,S Dube,Left hand Bat,Right arm Medium, ,Shivam Dube,Shivam Dube,https://www.espncricinfo.com/cricketers/shivam-dube-714451
3145,S Midhun,Right hand Bat,Legbreak Googly, ,Sudhesan Midhun,Sudhesan Midhun,
2353,CJ Dala,Right hand Bat,Right arm Medium, ,Carl Junior Dala,Carl Junior,
6729,PVD Chameera,Right hand Bat,Right arm Fast, ,Pathira Vasan Dushmantha Chameera,Pathira Vasan,
4097,PK Garg,Right hand Bat,Right arm Medium, ,Priyam K Garg,Priyam K,
7192,Aman Hakim Khan,Right hand Bat,Right arm Medium, ,Aman Hakim Khan,Aman Hakim,
6734,MS Wade,Left hand Bat,Right arm Medium,Wicketkeeper,Matthew Scott Wade,Matthew Scott,
4310,Shahbaz Ahmed,Left hand Bat,Slow Left arm Orthodox, ,Shahbaz Ahmed,Shahbaz Ahmed,
4059,Ravi Bishnoi,Right hand Bat,Legbreak Googly, ,Ravi Bishnoi,Ravi Bishnoi,https://www.espncricinfo.com/cricketers/ravi-bishnoi-1175441
4134,KL Nagarkoti,Right hand Bat,Right arm Fast, ,Kamlesh Lachham Nagarkoti,Kamlesh Lachham,
4320,DR Sams,Right hand Bat,Left arm Fast medium, ,Daniel Richard Sams,Daniel Richard,
7496,DJ Mitchell,Right hand Bat,Right arm Medium, ,Daryl Joseph Mitchell,Daryl Joseph,
5422,C Sakariya,Left hand Bat,Left arm Medium fast, ,Chetan Sakariya,Chetan Sakariya,https://www.espncricinfo.com/cricketers/chetan-sakariya-1131754
2352,S Lamichhane,Right hand Bat,Legbreak Googly, ,Sandeep Lamichhane,Sandeep Lamichhane,
2910,GH Vihari,Right hand Bat,Right arm Offbreak, ,Gade Hanuma Vihari,Gade Hanuma,
8349,RR Rossouw,Left hand Bat,Right arm Offbreak, ,Rilee Roscoe Rossouw,Rilee Roscoe,
4664,JR Hazlewood,Left hand Bat,Right arm Fast medium, ,Josh Reginald Hazlewood,Josh Reginald,
8333,KR Mayers,Left hand Bat,Right arm Medium, ,Kyle Rico Mayers,Kyle Rico,
5573,LI Meriwala,Left hand Bat,Left arm Fast medium, ,Lukman Iqbal Meriwala,Lukman Iqbal,
2894,NS Naik,Right hand Bat, ,Wicketkeeper,Nikhil Shankar Naik,Nikhil Shankar,
8191,PN Mankad,Right hand Bat,Right arm Medium, ,Prerak Nileshkumar Mankad,Prerak Nileshkumar,
2349,Abhishek Sharma,Left hand Bat,Slow Left arm Orthodox, ,Abhishek Sharma,Abhishek Sharma,https://ipl-stats-sports-mechanic.s3.ap-south-1.amazonaws.com/ipl/playerimages/Abhishek%20Sharma.png
7621,K Kartikeya,Right hand Bat,"Slow Left arm Orthodox, Left arm Wrist spin", ,Kumar Kartikeya Singh,Kumar Kartikeya,
6520,AU Rashid,Right hand Bat,Legbreak, ,Adil Usman Rashid,Adil Usman,
2825,CV Varun,Right hand Bat,Legbreak Googly, ,Varun Chakravarthy Vinod,Varun Chakravarthy,
4212,Kartik Tyagi,Right hand Bat,Right arm Fast, ,Kartik Tyagi,Kartik Tyagi,
4104,YBK Jaiswal,Left hand Bat,Legbreak, ,Yashasvi Bhupendra Kumar Jaiswal,Yashasvi Bhupendra,
6519,IC Porel,Right hand Bat,Right arm Medium, ,Ishan Chandranath Porel,Ishan Chandranath,
1740,H Klaasen,Right hand Bat,Right arm Offbreak,Wicketkeeper,Heinrich Klaasen,Heinrich Klaasen,https://www.espncricinfo.com/cricketers/heinrich-klaasen-436757
5526,Virat Singh,Left hand Bat,Legbreak Googly, ,Virat Binod Singh,Virat Binod,
5181,Monu Kumar,Right hand Bat,Right arm Medium, ,Monu Kumar Singh,Monu Kumar,
10135,N Burger,Left hand Bat,Left arm Fast medium,NULL,Nandre Burger,Nandre Burger,
10159,SH Johnson,Left hand Bat,Left arm Fast,NULL,Spencer Johnson,Spencer Johnson,https://www.espncricinfo.com/cricketers/spencer-johnson-1123718
10070,Sameer Rizvi,Right hand Bat,Right arm Offbreak,NULL,Sameer Rizvi,Sameer Rizvi,https://www.espncricinfo.com/cricketers/sameer-rizvi-1175489
10291,A Raghuvanshi,Right hand Bat,Slow Left arm Orthodox,NULL,Angkrish Raghuvanshi,Angkrish Raghuvanshi,https://www.espncricinfo.com/cricketers/angkrish-raghuvanshi-1292495
11192,AA Kulkarni,Right hand Bat,Right arm Medium,NULL,Arshin Kulkarni,Arshin Kulkarni,https://www.espncricinfo.com/cricketers/arshin-kulkarni-1403153
10169,SZ Mulani,Left hand Bat,Slow Left arm Orthodox,NULL,Shams Mulani,Shams Mulani,
11834,Prince Yadav,Right hand Bat,Right arm Fast,NULL,Prince Yadav,Prince Yadav,https://www.espncricinfo.com/cricketers/prince-yadav-1350768
11212,RJ Gleeson,Right hand Bat,Right arm Fast Medium,NULL,Richard Gleeson,Richard Gleeson,
11282,MJ Suthar,Left hand Bat,Slow Left arm Orthodox,NULL,Manav Suthar,Manav Suthar,https://www.espncricinfo.com/cricketers/manav-suthar-1175426
11366,A Kamboj,Right hand Bat,Right arm Medium,NULL,Anshul Kamboj,Anshul Kamboj,https://www.espncricinfo.com/cricketers/anshul-kamboj-1175428
11429,V Kaverappa,Right hand Bat,Right arm Fast medium,NULL,Vidhwath Kaverappa,Vidhwath Kaverappa,
10232,KT Maphaka,Left hand Bat,Left arm Fast,NULL,Kwena Maphaka,Kwena Maphaka,https://www.espncricinfo.com/cricketers/kwena-maphaka-1294342
8808,D Jansen,Right hand Bat,Left arm Fast,NULL,Duan Jansen,Duan Jansen,
10065,R Ravindra,Left hand Bat,Slow Left arm Orthodox,NULL,Rachin Ravindra,Rachin Ravindra,https://www.espncricinfo.com/cricketers/rachin-ravindra-959767
8389,Arshad Khan,Left hand Bat,Left arm Medium,NULL,Arshad Khan,Arshad Khan,
10083,Sumit Kumar,Right hand Bat,Right arm Medium fast,NULL,Sumit Kumar,Sumit Kumar,
10488,Saurav Chauhan,Left hand Bat,Right arm Offbreak,NULL,Saurav Chauhan,Saurav Chauhan,
11981,DL Vettori,Left hand Bat,Slow Left arm Orthodox, ,Daniel Luca Vettori,Daniel Luca,
9759,Sanvir Singh,Right hand Bat,Right arm Medium, ,Sanvir Singh,Sanvir Singh,
8769,Yudhvir Singh,Right hand Bat,Right arm Medium fast, ,Yudhvir Singh Charak,Yudhvir Singh,
8930,Liton Das,Right hand Bat,Right arm Offbreak,Wicketkeeper,Litton Kumer Das,Litton Kumer,
12015,WPUJC Vaas,Left hand Bat,Left arm Fast medium, ,Warnakulasuriya Patabendige Ushantha Joseph Chaminda Vaas,Warnakulasuriya Patabendige,
12013,AS Yadav,Right hand Bat,Right arm Offbreak, ,Arjun Shivlal Yadav,Arjun Shivlal,
12127,VRV Singh,Right hand Bat,Right arm Medium fast, ,Vikram Raj Vir Singh,Vikram Raj,
12016,RP Singh,Right hand Bat,Left arm Fast medium, ,Rudra Pratap Singh,Rudra Pratap,"https://img1.hscicdn.com/image/upload/f_auto,t_ds_square_w_160/lsci/db/PICTURES/CMS/389100/389167.5.png"
11984,GD McGrath,Right hand Bat,Right arm Fast medium, ,Glenn Donald McGrath,Glenn Donald,
11982,MF Maharoof,Right hand Bat,Right arm Fast medium, ,Mohamed Farveez Maharoof,Mohamed Farveez,
12295,HH Gibbs,Right hand Bat,Right arm Bowler, ,Herschelle Herman Gibbs,Herschelle Herman,
11924,LR Shukla,Right hand Bat,Right arm Medium, ,Laxmi Ratan Shukla,Laxmi Ratan,
9524,Vivrant Sharma,Left hand Bat,Legbreak Googly, ,Vivrant Sharma,Vivrant Sharma,
8396,MG Bracewell,Left hand Bat,Right arm Offbreak,Wicketkeeper,Michael Gordon Bracewell,Michael Gordon,
11926,AB Agarkar,Right hand Bat,Right arm Fast, ,Ajit Bhalchandra Agarkar,Ajit Bhalchandra,
12012,SB Styris,Right hand Bat,Right arm Medium, ,Scott Bernard Styris,Scott Bernard,
8890,Naveen-ul-Haq,Right hand Bat,Right arm Medium fast, ,Naveen-ul-Haq Murid,Naveen-ul,
12318,BJ Hodge,Right hand Bat,Right arm Offbreak, ,Bradley John Hodge,Bradley John,
11996,S Chanderpaul,Left hand Bat,Legbreak, ,Shivnarine Chanderpaul,Shivnarine Chanderpaul,
8433,Abishek Porel,Left hand Bat, ,Wicketkeeper,Abishek Porel,Abishek Porel,https://www.espncricinfo.com/cricketers/abishek-porel-1277545
11963,T Kohli,Right hand Bat,Right arm Medium, ,Taruwar Sushil Kohli,Taruwar Sushil,
9824,Nithish Kumar Reddy,Right hand Bat,Right arm Medium fast, ,Kaki Nitish Kumar Reddy,Kaki Nitish,
11954,KC Sangakkara,Left hand Bat,Right arm Offbreak,Wicketkeeper,Kumar Chokshanada Sangakkara,Kumar Chokshanada,
12056,Shahid Afridi,Right hand Bat,Legbreak Googly, ,Sahibzada Mohammad Shahid Khan Afridi,Sahibzada Mohammad,
12323,Umar Gul,Right hand Bat,Right arm Fast medium, ,Umar Gul,Umar Gul,
8475,Suyash Sharma,Right hand Bat,Legbreak Googly, ,Suyash Sharma,Suyash Sharma,https://www.espncricinfo.com/cricketers/suyash-sharma-1350792
11949,P Amarnath,Right hand Bat,Right arm Medium, ,Palani Amarnath,Palani Amarnath,
8386,N Wadhera,Left hand Bat,Legbreak, ,Nehal Wadhera,Nehal Wadhera,https://www.espncricinfo.com/cricketers/nehal-wadhera-1151273
12121,RR Sarwan,Right hand Bat,Legbreak, ,Ramnaresh Ronnie Sarwan,Ramnaresh Ronnie,
11993,MA Khote,Right hand Bat,Right arm Medium, ,Musavir Asmat Khote,Musavir Asmat,
11933,JH Kallis,Right hand Bat,Right arm Fast medium, ,Jacques Henry Kallis,Jacques Henry,
11983,B Geeves,Right hand Bat,Right arm Fast medium, ,Brett Geeves,Brett Geeves,
8605,Mohit Rathee,Right hand Bat,Legbreak, ,Mohit Rathee,Mohit Rathee,https://www.espncricinfo.com/cricketers/mohit-rathee-1349361
9431,R Goyal,Left hand Bat,Left arm Wrist spin, ,Raghav Goyal,Raghav Goyal,
10707,Arshad Khan (2),Left hand Bat,Left arm Medium, ,Mohd Arshad Khan,Mohd Arshad,
8470,Dhruv Jurel,Right hand Bat, , ,Dhruv Chand Jurel,Dhruv Chand,
11952,K Goel,Left hand Bat,Right arm Offbreak, ,Karan Goel,Karan Goel,
8569,SSB Magala,Right hand Bat,Right arm Fast medium, ,Sisanda Somila Bruce Magala,Sisanda Somila,
11947,S Badrinath,Right hand Bat,Right arm Offbreak, ,Subramaniam Badrinath,Subramaniam Badrinath,
12071,VY Mahesh,Right hand Bat,Right arm Medium fast, ,Vijaykumar Yo Mahesh,Vijaykumar Yo,
11958,P Dharmani,Right hand Bat, ,Wicketkeeper,Pankaj Dharmani,Pankaj Dharmani,
11923,Mohammad Hafeez,Right hand Bat,Right arm Offbreak, ,Mohammad Hafeez,Mohammad Hafeez,
11946,JDP Oram,Left hand Bat,Right arm Fast medium, ,Jacob David Philip Oram,Jacob David,
12105,D Kalyankrishna,Right hand Bat,Right arm Medium fast, ,Doddapaneni Kalyankrishna,Doddapaneni Kalyankrishna,
11986,ST Jayasuriya,Left hand Bat,Slow Left arm Orthodox, ,Sanath Teran Jayasuriya,Sanath Teran,"https://img1.hscicdn.com/image/upload/f_auto,t_ds_w_1280,q_80/lsci/db/PICTURES/CMS/319800/319886.png"
11989,PR Shah,Right hand Bat, ,Wicketkeeper,Pinal Rohitbhai Shah,Pinal Rohitbhai,
8597,MW Short,Right hand Bat,Right arm Offbreak, ,Matthew William Short,Matthew William,
11980,M Manhas,Right hand Bat,Right arm Offbreak,Wicketkeeper,Mithun Manhas,Mithun Manhas,
11959,B Lee,Right hand Bat,Right arm Fast, ,Brett Lee,Brett Lee,
11921,RT Ponting,Right hand Bat,Right arm Medium, ,Ricky Thomas Ponting,Ricky Thomas,
11922,DJ Hussey,Right hand Bat,Right arm Offbreak, ,David John Hussey,David John,
12572,NK Patel,Left hand Bat,NULL,NULL,Niraj Kanubhai Patel,Niraj Kanubhai,
12338,SP Fleming,Left hand Bat, , ,Stephen Paul Fleming,Stephen Paul,
16455,TR Birt,Left hand Bat,Right arm Medium,Occasional Wicketkeeper,Travis Rodney Birt,Travis Rodney,
16953,AA Kazi,Left hand Bat,Slow Left arm Orthodox, ,Abrar Anjum Kazi,Abrar Anjum,
14798,J Theron,Right hand Bat,Right arm Medium fast, ,Juan Theron,Juan Theron,
34126,SS Mundhe,Right hand Bat,Right arm Medium, ,Shrikant Shrihari Mundhe,Shrikant Shrihari,
15862,Sunny Singh,Right hand Bat,Right arm Medium fast, ,Sunny Singh,Sunny Singh,
13301,R Bishnoi,Right hand Bat,Right arm Medium fast, ,Rajesh Bishnoi,Rajesh Bishnoi,
13388,AS Raut,Right hand Bat,Legbreak Googly, ,Abhishek Santosh Raut,Abhishek Santosh,
14765,R Sharma,Right hand Bat,Legbreak Googly, ,Rahul Sharma,Rahul Sharma,
15334,RS Sodhi,Right hand Bat,Right arm Medium, ,Reetinder Singh Sodhi,Reetinder Singh,
14648,MJ Lumb,Left hand Bat,Right arm Medium, ,Michael John Lumb,Michael John,
34959,LJ Wright,Right hand Bat,Right arm Medium, ,Luke James Wright,Luke James,
14476,R Sathish,Right hand Bat,Right arm Medium, ,Rajagopal Sathish,Rajagopal Sathish,
12372,Misbah-ul-Haq,Right hand Bat,Legbreak, ,Misbah-ul-Haq Khan Niazi,Misbah-ul,
14464,OA Shah,Right hand Bat,Right arm Offbreak, ,Owais Alam Shah,Owais Alam,
13248,AM Salvi,Right hand Bat,Right arm Medium, ,Aavishkar Madhav Salvi,Aavishkar Madhav,
13016,A Nel,Right hand Bat,Right arm Fast medium, ,Andre Nel,Andre Nel,
16380,NL McCullum,Right hand Bat,Right arm Offbreak, ,Nathan Leslie McCullum,Nathan Leslie,
34811,N Saini,Right hand Bat, ,Wicketkeeper,Nitin Saini,Nitin Saini,
15261,AN Ahmed,Right hand Bat,Right arm Medium fast, ,Abu Nechim Ahmed,Abu Nechim,
16743,I Malhotra,Right hand Bat,Right arm Medium fast, ,Ishan Malhotra,Ishan Malhotra,
14757,MD Mishra,Right hand Bat,Right arm Offbreak, ,Mohnish Dinesh Mishra,Mohnish Dinesh,
34983,RJ Peterson,Left hand Bat,Slow Left arm Orthodox, ,Robin John Peterson,Robin John,
14463,CA Pujara,Right hand Bat,Legbreak, ,Cheteshwar Arvind Pujara,Cheteshwar Arvind,
14489,A Uniyal,Left hand Bat,Left arm Medium, ,Amit Uniyal,Amit Uniyal,
13651,GR Napier,Right hand Bat,Right arm Medium, ,Graham Richard Napier,Graham Richard,
14136,J Botha,Right hand Bat,Right arm Offbreak, ,Johan Botha,Johan Botha,
13227,Kamran Khan,Left hand Bat,Left arm Medium fast, ,Kamran Khan,Kamran Khan,
12454,U Kaul,Left hand Bat, ,Wicketkeeper,Uday Kaul,Uday Kaul,
13620,S Tyagi,Right hand Bat,Right arm Medium, ,Sudeep Tyagi,Sudeep Tyagi,
16276,BJ Haddin,Right hand Bat, ,Wicketkeeper,Bradley James Haddin,Bradley James,
12518,CK Kapugedera,Right hand Bat,Right arm Medium,Occasional Wicketkeeper,Chamara Kantha Kapugedera,Chamara Kantha,
12471,S Anirudha,Right hand Bat, , ,Srikkanth Anirudha,Srikkanth Anirudha,
13384,RJ Quiney,Left hand Bat,Right arm Medium, ,Robert John Quiney,Robert John,
13260,YA Abdulla,Left hand Bat,Left arm Fast medium, ,Yusuf Adam Abdulla,Yusuf Adam,
12650,TM Dilshan,Right hand Bat,Right arm Offbreak,Wicketkeeper,Tillakaratne Mudiyanselage Dilshan,Tillakaratne Mudiyanselage,
13551,MN van Wyk,Right hand Bat,Slow Left arm Orthodox,Wicketkeeper,Morne Nico van Wyk,Morne Nico,
14206,SS Shaikh,Right hand Bat,Right arm Medium, ,Shoaib Shabbir Shaikh,Shoaib Shabbir,
15878,AC Thomas,Right hand Bat,Right arm Fast medium, ,Alfonso Clive Thomas,Alfonso Clive,
15003,PD Collingwood,Right hand Bat,Right arm Medium, ,Paul David Collingwood,Paul David,
15239,AP Dole,Right hand Bat,Right arm Medium fast, ,Aditya Pradip Dole,Aditya Pradip,
14216,Jaskaran Singh,Right hand Bat,Right arm Medium, ,Jaskaran Singh Buttar,Jaskaran Singh,
12850,H Das,Right hand Bat, ,Wicketkeeper,Halhadar Das,Halhadar Das,
33972,AA Chavan,Left hand Bat,Slow Left arm Orthodox, ,Ankeet Anil Chavan,Ankeet Anil,
13986,A Mithun,Right hand Bat,Right arm Medium, ,Abhimanyu Mithun,Abhimanyu Mithun,
12339,S Vidyut,Left hand Bat,Slow Left arm Orthodox, ,Vidyut Sivaramakrishnan,Vidyut Sivaramakrishnan,
15851,JEC Franklin,Left hand Bat,Left arm Medium, ,James Edward Charles Franklin,James Edward,
13508,AN Ghosh,Right hand Bat,Right arm Medium, ,Arindam Nanigopal Ghosh,Arindam Nanigopal,
12422,RR Raje,Right hand Bat,Right arm Fast medium, ,Rohan Ravindra Raje,Rohan Ravindra,
14008,SS Sarkar,Right hand Bat,Right arm Medium, ,Sourav Subrata Sarkar,Sourav Subrata,
15896,RN ten Doeschate,Right hand Bat,Right arm Medium fast, ,Ryan Neil ten Doeschate,Ryan Neil,
15140,DE Bollinger,Left hand Bat,Left arm Fast medium, ,Douglas Erwin Bollinger,Douglas Erwin,
14567,S Ladda,Right hand Bat,Legbreak, ,Sarabjit Ladda,Sarabjit Ladda,
16249,DH Yagnik,Left hand Bat, , ,Dishant Harendra Yagnik,Dishant Harendra,
13245,DP Nannes,Right hand Bat,Left arm Fast, ,Dirk Peter Nannes,Dirk Peter,
13810,A Singh,Right hand Bat,Right arm Medium fast, ,Amit Singh,Amit Singh,
34392,TP Sudhindra,Left hand Bat,Right arm Fast, ,Taduri Prakash Chandra Sudhindra,Taduri Prakash,
15779,S Randiv,Right hand Bat,Right arm Offbreak, ,Hewa Kaluhalamullage Suraj Randiv Kaluhalamulla,Hewa Kaluhalamullage,
13383,PC Valthaty,Right hand Bat,Right arm Medium, ,Paul Chandrashekar Valthaty,Paul Chandrashekar,
34554,P Awana,Right hand Bat,Right arm Medium, ,Parvinder Awana,Parvinder Awana,
12710,Shoaib Akhtar,Right hand Bat,Right arm Fast, ,Shoaib Akhtar,Shoaib Akhtar,
34530,RR Bhatkal,Right hand Bat,Right arm Medium, ,Raju Ravi Bhatkal,Raju Ravi,
34343,KK Cooper,Right hand Bat,Right arm Medium, ,Kevon Keston Cooper,Kevon Keston,
12661,AD Mascarenhas,Right hand Bat,Right arm Fast medium, ,Adrian Dimitri Mascarenhas,Adrian Dimitri,
14541,JM Kemp,Right hand Bat,Right arm Fast medium, ,Justin Miles Kemp,Justin Miles,
12362,LPC Silva,Right hand Bat,Legbreak, ,Lindamlilage Prageeth Chamara Silva,Lindamlilage Prageeth,
12580,SR Tendulkar,Right hand Bat,"Right arm Offbreak, Legbreak Googly", ,Sachin Ramesh Tendulkar,Sachin Ramesh,"https://img1.hscicdn.com/image/upload/f_auto,t_ds_square_w_320,q_50/lsci/db/PICTURES/CMS/316400/316486.6.png"
13785,RJ Harris,Right hand Bat,Right arm Fast, ,Ryan James Harris,Ryan James,
15339,L Ablish,Right hand Bat,Right arm Medium fast, ,Love Ablish,Love Ablish,
15384,S Sriram,Left hand Bat,Slow Left arm Orthodox, ,Sridharan Sriram,Sridharan Sriram,
14201,Mashrafe Mortaza,Right hand Bat,Right arm Fast medium, ,Mashrafe Bin Mortaza,Mashrafe Bin,
14492,SW Tait,Right hand Bat,Right arm Fast, ,Shaun William Tait,Shaun William,
6657,DP Conway,Left hand Bat,Right arm Medium,Occasional Wicketkeeper,Devon Philip Conway,Devon Philip,
8383,C Green,Right hand Bat,Right arm Fast medium, ,Cameron Donald Green,Cameron Donald,
13258,VS Malik,Right hand Bat,Right arm Medium, ,Vikramjeet Singh Malik,Vikramjeet Singh,
4339,N Jagadeesan,Right hand Bat, ,Wicketkeeper,Narayan Jagadeesan,Narayan Jagadeesan,
76,Sandeep Sharma,Right hand Bat,Right arm Medium, ,Sandeep Sharma,Sandeep Sharma,https://www.espncricinfo.com/cricketers/sandeep-sharma-438362
14279,Y Nagar,Right hand Bat,Right arm Offbreak, ,Yogesh Nagar,Yogesh Nagar,
1314,IR Jaggi,Right hand Bat,Legbreak Googly, ,Ishank Rajiv Jaggi,Ishank Rajiv,
44,Imran Tahir,Right hand Bat,Legbreak Googly, ,Mohammad Imran Tahir,Mohammad Imran,
900,PJ Sangwan,Right hand Bat,Left arm Medium, ,Pradeep Jaibeer Sangwan,Pradeep Jaibeer,
11943,MEK Hussey,Left hand Bat,Right arm Medium, ,Michael Edward Killeen Hussey,Michael Edward,"https://img1.hscicdn.com/image/upload/f_auto,t_ds_square_w_320,q_50/lsci/db/PICTURES/CMS/319700/319708.1.png"
2024,L Ngidi,Right hand Bat,Right arm Fast medium, ,Lungisani True-man Ngidi,Lungisani True,
11991,SM Pollock,Right hand Bat,Right arm Fast medium, ,Shaun Maclean Pollock,Shaun Maclean,
35966,MDKJ Perera,Left hand Bat, ,Wicketkeeper,Mathurage Don Kusal Janith Perera,Mathurage Don,
8748,Vijaykumar Vyshak,Right hand Bat,Right arm Medium, ,Vijaykumar Vyshak,Vijaykumar Vyshak,
38647,JW Hastings,Right hand Bat,Right arm Fast medium, ,John Wayne Hastings,John Wayne,
7546,Harshit Rana,Right hand Bat,Right arm Fast, ,Harshit Pradeep Rana,Harshit Pradeep,
8098,A Tomar,Right hand Bat,Right arm Offbreak, ,Abhijeet Tomar,Abhijeet Tomar,
1327,CJ Jordan,Right hand Bat,Right arm Fast medium, ,Christopher James Jordan,Christopher James,
2315,P Chopra,Right hand Bat,Legbreak Googly,Occasional Wicketkeeper,Prashant Chopra,Prashant Chopra,
11971,SK Warne,Right hand Bat,Legbreak Googly, ,Shane Keith Warne,Shane Keith,
16693,AC Blizzard,Left hand Bat,Left arm Medium, ,Aiden Craig Blizzard,Aiden Craig,
36610,DJG Sammy,Right hand Bat,Right arm Medium, ,Daren Julius Garvey Sammy,Daren Julius,
49,KD Karthik,Right hand Bat,Right arm Offbreak,Wicketkeeper,Krishnakumar Dinesh Karthik,Krishnakumar Dinesh,
176,B Stanlake,Left hand Bat,Right arm Fast, ,Billy James Stanlake,Billy James,
10109,MA Starc,Left hand Bat,Left arm Fast, ,Mitchell Aaron Starc,Mitchell Aaron,
11940,SB Joshi,Left hand Bat,Slow Left arm Orthodox, ,Sunil Bandacharya Joshi,Sunil Bandacharya,
12746,Younis Khan,Right hand Bat,"Right arm Medium, Legbreak", ,Mohammad Younis Khan,Mohammad Younis,
40242,P Sahu,Right hand Bat,Legbreak Googly, ,Pardeep Sahu,Pardeep Sahu,
418,MM Patel,Right hand Bat,Right arm Medium fast, ,Munaf Musa Patel,Munaf Musa,
12252,DB Das,Right hand Bat,Legbreak Googly, ,Debabrata Baidya Das,Debabrata Baidya,
6287,RV Patel,Right hand Bat,Right arm Medium fast, ,Ripal Vinubhai Patel,Ripal Vinubhai,
12539,T Taibu,Right hand Bat,Right arm Medium,Wicketkeeper,Tatenda Taibu,Tatenda Taibu,
34697,CJ McKay,Right hand Bat,Right arm Fast medium, ,Clinton James McKay,Clinton James,
14360,RA Shaikh,Left hand Bat,Left arm Medium, ,Rahil Akhil Ahmed Shaikh,Rahil Akhil,
2188,M Prasidh Krishna,Right hand Bat,Right arm Fast medium, ,Muralikrishna Prasidh Krishna,Muralikrishna Prasidh,https://ipl-stats-sports-mechanic.s3.ap-south-1.amazonaws.com/ipl/playerimages/Prasidh%20Krishna.png
6047,GHS Garton,Left hand Bat,Left arm Fast, ,George Henry Simmons Garton,George Henry,
54,DS Kulkarni,Right hand Bat,Right arm Medium, ,Dhawal Sunil Kulkarni,Dhawal Sunil,
69,WP Saha,Right hand Bat, ,Wicketkeeper,Wriddhiman Prasanta Saha,Wriddhiman Prasanta,
42,A Zampa,Right hand Bat,Legbreak Googly, ,Adam Zampa,Adam Zampa,https://www.espncricinfo.com/cricketers/adam-zampa-379504
40725,PSP Handscomb,Right hand Bat, ,Wicketkeeper,Peter Stephen Patrick Handscomb,Peter Stephen,
8295,RS Hangargekar,Right hand Bat,Right arm Fast medium, ,Rajvardhan S Hangargekar,Rajvardhan S,
67,HM Amla,Right hand Bat,"Right arm Medium, Right arm Offbreak", ,Hashim Mahomed Amla,Hashim Mahomed,
25,RG Sharma,Right hand Bat,Right arm Offbreak, ,Rohit Gurunath Sharma,Rohit Gurunath,
11972,SK Trivedi,Right hand Bat,Right arm Medium, ,Siddharth Kishorkumar Trivedi,Siddharth Kishorkumar,
13595,TL Suman,Right hand Bat,Right arm Offbreak, ,Tirumalasetti Laxminarayana Suman,Tirumalasetti Laxminarayana,
34774,A Ashish Reddy,Right hand Bat,Right arm Medium, ,Ammana Ashish Reddy,Ammana Ashish,
12238,B Chipli,Right hand Bat,Right arm Medium, ,Bharat Chipli,Bharat Chipli,
14653,S Narwal,Left hand Bat,Right arm Medium, ,Sumit Narwal,Sumit Narwal,
12204,SD Chitnis,Right hand Bat,Right arm Offbreak, ,Siddharth Dilip Chitnis,Siddharth Dilip,
35864,Sunny Gupta,Right hand Bat,Right arm Offbreak, ,Sunny Gupta,Sunny Gupta,
31,TG Southee,Right hand Bat,Right arm Medium fast, ,Timothy Grant Southee,Timothy Grant,
17,BCJ Cutting,Right hand Bat,Right arm Fast medium, ,Benjamin Colin James Cutting,Benjamin Colin,
38548,BE Hendricks,Left hand Bat,Left arm Fast medium, ,Beuran Eric Hendricks,Beuran Eric,
13083,BAW Mendis,Right hand Bat,Right arm Offbreak, ,Balapuwaduge Ajantha Winslow Mendis,Balapuwaduge Ajantha,
12327,SA Asnodkar,Right hand Bat,Right arm Offbreak, ,Swapnil Ashok Asnodkar,Swapnil Ashok,
11970,D Salunkhe,Right hand Bat,Legbreak, ,Dinesh Salunkhe,Dinesh Salunkhe,
11966,M Kaif,Right hand Bat,Right arm Offbreak, ,Mohammad Kaif,Mohammad Kaif,
36536,IC Pandey,Right hand Bat,Right arm Medium, ,Ishwar Chand Pandey,Ishwar Chand,
14487,P Dogra,Right hand Bat,Legbreak, ,Paras Dogra,Paras Dogra,
13692,LA Carseldine,Left hand Bat,Left arm Medium, ,Lee Andrew Carseldine,Lee Andrew,
19,Bipul Sharma,Left hand Bat,Slow Left arm Orthodox, ,Bipul Sharma,Bipul Sharma,
4170,JR Philippe,Right hand Bat, ,Wicketkeeper,Joshua Ryan Philippe,Joshua Ryan,
16199,TD Paine,Right hand Bat,Right arm Medium,Wicketkeeper,Timothy David Paine,Timothy David,
11937,AA Noffke,Right hand Bat,Right arm Fast medium, ,Ashley Allan Noffke,Ashley Allan,
12041,Kamran Akmal,Right hand Bat, ,Wicketkeeper,Kamran Akmal,Kamran Akmal,
36311,BJ Rohrer,Left hand Bat, ,Occasional Wicketkeeper,Ben James Rohrer,Ben James,
36555,CM Gautam,Right hand Bat, ,Wicketkeeper,Chidhambaram Muralidharen Gautam,Chidhambaram Muralidharen,
41020,F Behardien,Right hand Bat,Right arm Fast medium, ,Farhaan Behardien,Farhaan Behardien,
37031,PV Tambe,Right hand Bat,Legbreak, ,Pravin Vijay Tambe,Pravin Vijay,
35892,MC Juneja,Right hand Bat,Right arm Offbreak, ,Manprit Charanjit Juneja,Manprit Charanjit,
41286,ER Dwivedi,Right hand Bat, ,Wicketkeeper,Eklavya Rakesh Dwivedi,Eklavya Rakesh,
35459,K Upadhyay,Right hand Bat,Right arm Medium, ,Krishnakant Upadhyay,Krishnakant Upadhyay,
37347,MG Neser,Right hand Bat,Right arm Medium fast, ,Michael Gertges Neser,Michael Gertges,
40895,UT Khawaja,Left hand Bat,Right arm Medium, ,Usman Tariq Khawaja,Usman Tariq,
40385,KJ Abbott,Right hand Bat,Right arm Fast medium, ,Kyle John Abbott,Kyle John,
38924,DJ Muthuswami,Right hand Bat,Right arm Medium, ,Domnic Joseph Muthuswami,Domnic Joseph,
6360,Anmolpreet Singh,Right hand Bat,Right arm Offbreak, ,Anmolpreet Singh,Anmolpreet Singh,
3011,JP Behrendorff,Right hand Bat,Left arm Fast medium, ,Jason Paul Behrendorff,Jason Paul,
27,AT Rayudu,Right hand Bat,Right arm Offbreak,Occasional Wicketkeeper,Ambati Thirupathi Rayudu,Ambati Thirupathi,
1437,AD Russell,Right hand Bat,Right arm Fast, ,Andre Dwayne Russell,Andre Dwayne,https://ipl-stats-sports-mechanic.s3.ap-south-1.amazonaws.com/ipl/playerimages/Andre%20Russell.png
34601,V Pratap Singh,Right hand Bat,Right arm Medium, ,Veer Pratap Singh,Veer Pratap,
1856,LE Plunkett,Right hand Bat,Right arm Fast, ,Liam Edward Plunkett,Liam Edward,
13563,RE van der Merwe,Right hand Bat,Slow Left arm Orthodox, ,Roelof Erasmus van der Merwe,Roelof Erasmus,
58,RV Uthappa,Right hand Bat,Right arm Medium,Occasional Wicketkeeper,Robin Venu Uthappa,Robin Venu,https://ipl-stats-sports-mechanic.s3.ap-south-1.amazonaws.com/ipl/playerimages/Robin%20Uthappa.png
8945,PD Salt,Right hand Bat,Right arm Offbreak,Wicketkeeper,Philip Dean Salt,Philip Dean,
293,V Shankar,Right hand Bat,Right arm Medium, ,Vijay Shankar,Vijay Shankar,https://www.espncricinfo.com/cricketers/vijay-shankar-477021
37595,NJ Maddinson,Left hand Bat,Slow Left arm Orthodox, ,Nicolas James Maddinson,Nicolas James,
11934,CL White,Right hand Bat,Legbreak Googly, ,Cameron Leon White,Cameron Leon,
11969,M Rawat,Right hand Bat, ,Wicketkeeper,Mahesh Rawat,Mahesh Rawat,
9181,Gurnoor Brar,Left hand Bat,Right arm Fast, ,Gurnoor Brar,Gurnoor Brar,
46,BB McCullum,Right hand Bat,"Right arm Medium, Right arm Offbreak",Wicketkeeper,Brendon Barrie McCullum,Brendon Barrie,
13863,M Morkel,Left hand Bat,Right arm Fast, ,Morne Morkel,Morne Morkel,https://scores.iplt20.com/ipl/images/default-player-statsImage.png
7902,KS Sharma,Right hand Bat,Right arm Offbreak, ,Karan Sunny Sharma,Karan Sunny,
16648,P Parameswaran,Right hand Bat,Left arm Medium, ,Prasanth Parameswaran,Prasanth Parameswaran,
33961,P Prasanth,Left hand Bat,Slow Left arm Orthodox, ,Padmanabhan Prasanth,Padmanabhan Prasanth,
5473,Lalit Yadav,Right hand Bat,Right arm Offbreak, ,Lalit Yadav,Lalit Yadav,
16,DJ Hooda,Right hand Bat,Right arm Offbreak, ,Deepak Jagbir Hooda,Deepak Jagbir,
1990,IS Sodhi,Right hand Bat,Legbreak, ,Inderbir Singh Sodhi,Inderbir Singh,
494,BB Sran,Left hand Bat,Left arm Medium, ,Barinder Balbirsingh Sran,Barinder Balbirsingh,
34382,DJ Harris,Right hand Bat,Right arm Medium, ,Daniel Joseph Harris,Daniel Joseph,
3518,Y Prithvi Raj,Left hand Bat,Left arm Medium, ,Prithvi Raj Yarra,Prithvi Raj,
1964,JP Duminy,Left hand Bat,Right arm Offbreak, ,Jean-Paul Duminy,Jean-Paul,
15866,NJ Rimmington,Right hand Bat,Right arm Fast medium, ,Nathan John Rimmington,Nathan John,
21,A Nehra,Right hand Bat,Left arm Medium fast, ,Ashish Nehra,Ashish Nehra,
3495,Harpreet Brar,Left hand Bat,Slow Left arm Orthodox, ,Harpreet Brar,Harpreet Brar,https://www.espncricinfo.com/cricketers/harpreet-brar-1168641
6033,GD Phillips,Right hand Bat,Right arm Offbreak,Wicketkeeper,Glenn Dominic Phillips,Glenn Dominic,
181,RR Pant,Left hand Bat, ,Wicketkeeper,Rishabh Rajendra Pant,Rishabh Rajendra,https://ipl-stats-sports-mechanic.s3.ap-south-1.amazonaws.com/ipl/playerimages/Rishabh%20Pant.png
15829,AUK Pathan,Right hand Bat,Right arm Medium, ,Asad Ullah Khan Pathan,Asad Ullah,
5562,Jalaj S Saxena,Right hand Bat,"Right arm Offbreak, Legbreak Googly", ,Jalaj Sahai Saxena,Jalaj Sahai,
3230,R Parag,Right hand Bat,Legbreak, ,Riyan Parag,Riyan Parag,https://www.espncricinfo.com/cricketers/riyan-parag-1079434
183,CR Brathwaite,Right hand Bat,Right arm Fast medium, ,Carlos Ricardo Brathwaite,Carlos Ricardo,
4406,AT Carey,Left hand Bat, ,Wicketkeeper,Alex Tyson Carey,Alex Tyson,
11967,DS Lehmann,Left hand Bat,Slow Left arm Orthodox, ,Darren Scott Lehmann,Darren Scott,
7134,SS Prabhudessai,Right hand Bat,Right arm Medium, ,Suyash S Prabhudessai,Suyash S,
10939,N Thushara,Right hand Bat,Right arm Medium fast,NULL,Nuwan Thushara,Nuwan Thushara,https://www.espncricinfo.com/cricketers/nuwan-thushara-955235
11068,LB Williams,Left hand Bat,Right arm Medium fast,NULL,Lizaad Buyron Williams,Lizaad Buyron,
10163,Naman Dhir,Right hand Bat,Right arm Offbreak,NULL,Naman Dhir,Naman Dhir,https://www.espncricinfo.com/cricketers/naman-dhir-1287032
11376,Gulbadin Naib,Right hand Bat,Right arm Medium fast,NULL,Gulbadin Naib,Gulbadin Naib,
11781,Aniket Verma,Right hand Bat,Right arm Medium fast,NULL,Aniket Verma,Aniket Verma,https://www.espncricinfo.com/cricketers/aniket-verma-1409976
10690,Tanush Kotian,Right hand Bat,Right arm Offbreak,NULL,Tanush Kotian,Tanush Kotian,
11847,Priyansh Arya,Left hand Bat,Right arm Offbreak,NULL,Priyansh Arya,Priyansh Arya,https://www.espncricinfo.com/cricketers/priyansh-arya-1175456
11854,Suryansh Shedge,Right hand Bat,Right arm Medium fast,NULL,Suryansh Shedge,Suryansh Shedge,https://www.espncricinfo.com/cricketers/suryansh-shedge-1339698
10078,SD Hope,Right hand Bat,NULL,Wicketkeeper,Shai Diego Hope,Shai Diego,
10160,L Wood,Left hand Bat,Left arm Fast medium,NULL,Luke Wood,Luke Wood,
10168,G Coetzee,Right hand Bat,Right arm Fast,NULL,Gerald Coetzee,Gerald Coetzee,https://www.espncricinfo.com/cricketers/gerald-coetzee-596010
10604,KA Maharaj,Right hand Bat,Slow Left arm Orthodox,NULL,Keshav Athmanand Maharaj,Keshav Athmanand,
10630,WG Jacks,Right hand Bat,Right arm Offbreak,NULL,William George Jacks,William George,
10667,J Fraser-McGurk,Right hand Bat,Legbreak Googly,NULL,Jake Fraser-McGurk,Jake Fraser,
11805,R Minz,Left hand Bat,NULL,Slow Left arm Orthodox,Robin Minz,Robin Minz,https://www.espncricinfo.com/cricketers/robin-minz-1350762
10382,SB Dubey,Left hand Bat,Right arm Offbreak,NULL,Shubham Badriprasad Dubey,Shubham Badriprasad,
10710,S Joseph,Left hand Bat,Right arm Fast,NULL,Shamar Joseph,Shamar Joseph,https://www.espncricinfo.com/cricketers/shamar-joseph-1356971
11389,D Ferreira,Right hand Bat,Right arm Offbreak,Wicketkeeper,Donovan Ferreira,Donovan Ferreira,https://www.espncricinfo.com/cricketers/donovan-ferreira-698315
11416,V Viyaskanth,Right hand Bat,Legbreak,NULL,Vijayakanth Viyaskanth,Vijayakanth Viyaskanth,
11799,V Puthur,Right hand Bat,Left arm Wrist spin,NULL,Vignesh Puthur,Vignesh Puthur,https://www.espncricinfo.com/cricketers/vignesh-puthur-1460388
11801,RD Rickelton,Left hand Bat,NULL,Wicketkeeper,Ryan Rickelton,Ryan Rickelton,https://www.espncricinfo.com/cricketers/ryan-rickelton-605661
11843,V Nigam,Right hand Bat,Legbreak,NULL,Vipraj Nigam,Vipraj Nigam,https://www.espncricinfo.com/cricketers/vipraj-nigam-1449074
8805,Arjun Tendulkar,Left hand Bat,Left arm Medium fast, ,Arjun Sachin Tendulkar,Arjun Sachin,
360,SN Thakur,Right hand Bat,Right arm Medium, ,Shardul Narendra Thakur,Shardul Narendra,
36966,P Suyal,Right hand Bat,Left arm Medium, ,Pawan Shakland Suyal,Pawan Shakland,
15108,MB Parmar,Right hand Bat,Right arm Offbreak, ,Mohnish Bipinbhai Parmar,Mohnish Bipinbhai,
6694,R Powell,Right hand Bat,Right arm Medium fast, ,Rovman Powell,Rovman Powell,https://www.espncricinfo.com/cricketers/rovman-powell-820351
35364,AP Majumdar,Right hand Bat,Legbreak Googly, ,Anustup Prabir Majumdar,Anustup Prabir,
33919,Anand Rajan,Right hand Bat,Right arm Medium, ,Anand Rajan,Anand Rajan,
2824,GC Viljoen,Right hand Bat,Right arm Fast, ,GC Viljoen,GC Viljoen,
8773,Atharva Taide,Left hand Bat,Slow Left arm Orthodox, ,Atharva Taide,Atharva Taide,https://www.espncricinfo.com/cricketers/atharva-taide-1125958
12065,Shoaib Malik,Right hand Bat,Right arm Offbreak, ,Shoaib Malik,Shoaib Malik,
12070,Mohammad Asif,Left hand Bat,Right arm Fast medium, ,Mohammad Asif,Mohammad Asif,
23,PA Patel,Left hand Bat,Right arm Offbreak,Wicketkeeper,Parthiv Ajay Patel,Parthiv Ajay,
8809,Noor Ahmad,Right hand Bat,Left arm Wrist spin, ,Noor Ahmad Lakanwal,Noor Ahmad,https://www.espncricinfo.com/cricketers/noor-ahmad-1182529
6310,TL Seifert,Right hand Bat, ,Wicketkeeper,Tim Louis Seifert,Tim Louis,
38229,Shivam Sharma,Right hand Bat,Right arm Offbreak, ,Shivam Sharma,Shivam Sharma,
5349,RM Patidar,Right hand Bat,Right arm Offbreak, ,Rajat Manohar Patidar,Rajat Manohar,
12669,LA Pomersbach,Left hand Bat,Right arm Offbreak, ,Luke Anthony Pomersbach,Luke Anthony,
39089,RG More,Right hand Bat,Right arm Medium, ,Ronit Gajanan More,Ronit Gajanan,
7652,Simarjeet Singh,Right hand Bat,Right arm Medium fast, ,Simarjeet Singh,Simarjeet Singh,https://www.espncricinfo.com/cricketers/simarjeet-singh-1159722
2227,MM Ali,Left hand Bat,Right arm Offbreak, ,Moeen Munir Ali,Moeen Munir,
12364,DB Ravi Teja,Right hand Bat,Legbreak Googly, ,Dwaraka Bhamidipati Ravi Teja,Dwaraka Bhamidipati,
491,Mohammad Nabi,Right hand Bat,Right arm Offbreak, ,Mohammad Nabi,Mohammad Nabi,
569,JP Faulkner,Right hand Bat,Left arm Fast medium, ,James Peter Faulkner,James Peter,
241,VR Aaron,Right hand Bat,Right arm Fast, ,Varun Raymond Aaron,Varun Raymond,
15368,B Sumanth,Right hand Bat,Right arm Medium fast, ,Bodapati Apparao Sumanth,Bodapati Apparao,
8005,PH Solanki,Right hand Bat,Legbreak, ,Prashant Hitesh Solanki,Prashant Hitesh,
5686,KW Richardson,Right hand Bat,Right arm Fast medium, ,Kane William Richardson,Kane William,
35,MA Agarwal,Right hand Bat,Right arm Offbreak, ,Mayank Anurag Agarwal,Mayank Anurag,
9,TS Mills,Right hand Bat,Left arm Fast, ,Tymal Solomon Mills,Tymal Solomon,
9508,JE Root,Right hand Bat,"Right arm Offbreak, Legbreak", ,Joseph Edward Root,Joseph Edward,
2662,KK Ahmed,Right hand Bat,Left arm Medium, ,Khaleel Khursheed Ahmed,Khaleel Khursheed,
15846,DJ Jacobs,Right hand Bat,Right arm Medium,Wicketkeeper,David Johan Jacobs,David Johan,
61,SA Yadav,Right hand Bat,"Right arm Medium, Right arm Offbreak", ,Suryakumar Ashok Yadav,Suryakumar Ashok,
2700,SO Hetmyer,Left hand Bat, , ,Shimron Odilon Hetmyer,Shimron Odilon,
36069,BMAJ Mendis,Left hand Bat,Legbreak, ,Balapuwaduge Manukulasuriya Amith Jeevan Mendis,Balapuwaduge Manukulasuriya,
41723,PWA Mulder,Right hand Bat,Right arm Medium,NULL,Wiaan Mulder,Wiaan Mulder,https://www.espncricinfo.com/cricketers/wiaan-mulder-698189
41726,Zeeshan Ansari,Right hand Bat,Legbreak Googly,NULL,Zeeshan Ansari,Zeeshan Ansari,https://www.espncricinfo.com/cricketers/zeeshan-ansari-942371
41758,J Overton,Right hand Bat,Right arm Fast,NULL,Jamie Overton,Jamie Overton,https://www.espncricinfo.com/cricketers/jamie-overton-510530
41785,Ashwani Kumar,Left hand Bat,Left arm Medium,NULL,Ashwani Kumar,Ashwani Kumar,https://www.espncricinfo.com/cricketers/ashwani-kumar-1209126
41851,PHKD Mendis,Left hand Bat,"Right arm Offbreak, Slow Left arm Orthodox",NULL,Kamindu Mendis,Kamindu Mendis,https://www.espncricinfo.com/cricketers/kamindu-mendis-784373
42116,Himmat Singh,Right hand Bat,Right arm Offbreak,NULL,Himmat Singh,Himmat Singh,https://www.espncricinfo.com/cricketers/himmat-singh-805235
42133,E Malinga,Left hand Bat,Right arm Fast medium,NULL,Kiribathgala Kankanamalage Eshan Malinga Dharmasena,Kiribathgala Kankanamalage,
42206,SK Rasheed,Right hand Bat,Legbreak,NULL,Shaik Rasheed,Shaik Rasheed,https://www.espncricinfo.com/cricketers/shaik-rasheed-1292497
42220,JP Inglis,Right hand Bat,NULL,Wicketkeeper,Joshua Patrick Inglis,Joshua Patrick,
42226,XC Bartlett,Right hand Bat,Right arm Fast medium,NULL,Xavier Colin Bartlett,Xavier Colin,
43253,C Bosch,Right hand Bat,Right arm Fast medium,NULL,Corbin Bosch,Corbin Bosch,https://www.espncricinfo.com/cricketers/corbin-bosch-594322
43282,JG Bethell,Left hand Bat,Slow Left arm Orthodox,NULL,Jacob Graham Bethell,Jacob Graham,
43300,Karim Janat,Right hand Bat,Right arm Medium,NULL,Karim Janat,Karim Janat,https://www.espncricinfo.com/cricketers/karim-janat-793467
43451,KS Rathore,Left hand Bat,NULL,Wicketkeeper,Kunal Singh Rathore,Kunal Singh,
43548,Urvil Patel,Right hand Bat,NULL,Wicketkeeper,Urvil Mukesh Patel,Urvil Mukesh,
43574,M Tiwari,Right hand Bat,Right arm Medium fast,NULL,Madhav Tiwari,Madhav Tiwari,https://www.espncricinfo.com/cricketers/madhav-tiwari-1460385
43582,MJ Owen,Right hand Bat,NULL,Right arm Medium,Mitchell J Owen,Mitchell J,
43638,W O'Rourke,Right hand Bat,Right arm Fast,Right arm Fast,William Peter O'Rourke,William Peter,
43649,Harsh Dubey,Left hand Bat,Slow Left arm Orthodox,NULL,Harsh Surendra Dubey,Harsh Surendra,
43820,MP Breetzke,Right hand Bat,NULL,Wicketkeeper,Matthew Paul Breetzke,Matthew Paul,
43849,Musheer Khan,Right hand Bat,Slow Left arm Orthodox,NULL,Musheer Khan,Musheer Khan,https://www.espncricinfo.com/cricketers/musheer-khan-1316430
43881,BKG Mendis,Right hand Bat,Legbreak,NULL,Kusal Mendis,Kusal Mendis,
43954,Sediqullah Atal,Left hand Bat,NULL,NULL,Sediqullah Atal,Sediqullah Atal,
3388,Arshdeep Singh,Left hand Bat,Left arm Medium fast, ,Arshdeep Singh,Arshdeep Singh,https://www.espncricinfo.com/cricketers/arshdeep-singh-1125976
34356,DAJ Bracewell,Right hand Bat,Right arm Fast medium, ,Douglas Andrew John Bracewell,Douglas Andrew,
1970,AD Hales,Right hand Bat,Right arm Medium,Occasional Wicketkeeper,Alexander Daniel Hales,Alexander Daniel,
161,DT Christian,Right hand Bat,Right arm Fast medium, ,Daniel Trevor Christian,Daniel Trevor,
12414,YV Takawale,Right hand Bat, ,Wicketkeeper,Yogesh Vijay Takawale,Yogesh Vijay,
62,CR Woakes,Right hand Bat,Right arm Fast medium, ,Christopher Roger Woakes,Christopher Roger,
77,T Natarajan,Left hand Bat,Left arm Medium, ,Thangarasu Natarajan,Thangarasu Natarajan,
5354,KA Jamieson,Right hand Bat,Right arm Fast medium, ,Kyle Alex Jamieson,Kyle Alex,
13231,KP Pietersen,Right hand Bat,Right arm Offbreak, ,Kevin Peter Pietersen,Kevin Peter,
11948,Joginder Sharma,Right hand Bat,Right arm Fast medium, ,Joginder Sharma,Joginder Sharma,
13220,T Henderson,Right hand Bat,Right arm Fast medium, ,Tyron Henderson,Tyron Henderson,
15837,UBT Chand,Right hand Bat,Right arm Offbreak, ,Unmukt Bharat Thakur Chand,Unmukt Bharat,
12008,Y Venugopal Rao,Right hand Bat,Right arm Offbreak, ,Yalaka Venugopal Rao,Yalaka Venugopal,
471,NM Coulter-Nile,Right hand Bat,Right arm Fast, ,Nathan Mitchell Coulter-Nile,Nathan Mitchell,
34706,T Mishra,Right hand Bat,Right arm Fast medium, ,Tanmay Mishra,Tanmay Mishra,
14481,AG Murtaza,Left hand Bat,Slow Left arm Orthodox, ,Ali Ghulam Murtaza,Ali Ghulam,
3718,S Sandeep Warrier,Right hand Bat,Right arm Medium, ,Sankarankutty Sandeep Warrier,Sankarankutty Sandeep,
8626,WD Parnell,Left hand Bat,Left arm Medium fast, ,Wayne Dillon Parnell,Wayne Dillon,
546,Gurkeerat Singh,Right hand Bat,Right arm Offbreak, ,Gurkeerat Rupinder Singh,Gurkeerat Rupinder,
14961,KB Arun Karthik,Right hand Bat,Legbreak Googly,Occasional Wicketkeeper,Konda Bhaskir Arun Karthik,Konda Bhaskir,
12046,Pankaj Singh,Right hand Bat,Right arm Medium fast, ,Pankaj Singh,Pankaj Singh,
245,AB de Villiers,Right hand Bat,Right arm Medium,Wicketkeeper,Abraham Benjamin de Villiers,Abraham Benjamin,
4771,CJ Green,Right hand Bat,Right arm Offbreak, ,Christopher James Green,Christopher James,
48,AJ Finch,Right hand Bat,Slow Left arm Orthodox, ,Aaron James Finch,Aaron James,
9069,D Wiese,Right hand Bat,Right arm Medium fast, ,David Wiese,David Wiese,
4023,JL Pattinson,Left hand Bat,Right arm Fast medium, ,James Lee Pattinson,James Lee,
11935,MV Boucher,Right hand Bat,Right arm Medium,Wicketkeeper,Mark Verdon Boucher,Mark Verdon,
34171,RW Price,Right hand Bat,Slow Left arm Orthodox, ,Raymond William Price,Raymond William,
13026,A Mukund,Left hand Bat,Legbreak Googly, ,Abhinav Mukund,Abhinav Mukund,
6717,OF Smith,Right hand Bat,Right arm Fast medium, ,Odean Fabian Smith,Odean Fabian,
767,Anureet Singh,Right hand Bat,Right arm Medium, ,Kathuria Anureet Singh,Kathuria Anureet,
35146,BB Samantray,Right hand Bat,Right arm Medium, ,Biplab Bipin Samantray,Biplab Bipin,
39661,GS Sandhu,Left hand Bat,Right arm Fast medium, ,Gurinder Singh Sandhu,Gurinder Singh,
1452,B Laughlin,Right hand Bat,Right arm Fast medium, ,Ben Laughlin,Ben Laughlin,
14520,RS Gavaskar,Left hand Bat,Slow Left arm Orthodox, ,Rohan Sunil Gavaskar,Rohan Sunil,
2703,Navdeep Saini,Right hand Bat,Right arm Fast,NULL,Navdeep Saini,Navdeep Saini,
10152,Azmatullah Omarzai,Right hand Bat,Right arm Medium fast,NULL,Azmatullah Omarzai,Azmatullah Omarzai,https://www.espncricinfo.com/cricketers/azmatullah-omarzai-819429
10528,Kumar Kushagra,Right hand Bat,NULL,Wicketkeeper,Kumar Kushagra,Kumar Kushagra,https://www.espncricinfo.com/cricketers/kumar-kushagra-1207295
11640,Shivam Singh,Right hand Bat,Right arm Offbreak,NULL,Shivam Singh,Shivam Singh,
10456,Ashutosh Sharma,Right hand Bat,NULL,NULL,Ashutosh Sharma,Ashutosh Sharma,https://www.espncricinfo.com/cricketers/ashutosh-sharma-1131978
10302,MP Yadav,Right hand Bat,Right arm Fast,NULL,Mayank Yadav,Mayank Yadav,https://www.espncricinfo.com/cricketers/mayank-yadav-1292563
10303,M Siddharth,Right hand Bat,Slow Left arm Orthodox,NULL,Manimaran Siddharth,Manimaran Siddharth,
10548,BR Sharath,Right hand Bat,NULL,Wicketkeeper,Belur Ravi Sharath,Belur Ravi,
11562,T Kohler-Cadmore,Right hand Bat,Right arm Offbreak,Wicketkeeper,Tom Kohler-Cadmore,Tom Kohler,
11810,PVSN Raju,Left hand Bat,Right arm Medium fast,NULL,Penumatsa Venkata Satyanarayana Raju,Penumatsa Venkata,
11833,DS Rathi,Right hand Bat,Legbreak,NULL,Digvesh Singh Rathi,Digvesh Singh,https://www.espncricinfo.com/cricketers/digvesh-rathi-1460529
42511,MS Bhandage,Left hand Bat,Right arm Medium fast,NULL,Manoj Shivaramsa Bhandage,Manoj Shivaramsa,
42566,V Suryavanshi,Left hand Bat,Slow Left arm Orthodox,NULL,Vaibhav Suryavanshi,Vaibhav Suryavanshi,https://www.espncricinfo.com/cricketers/vaibhav-suryavanshi-1408688
42603,A Mhatre,Right hand Bat,Right arm Offbreak,NULL,Ayush Mhatre,Ayush Mhatre,
38,MS Dhoni,Right hand Bat,Right arm Medium,Wicketkeeper,Mahendra Singh Dhoni,Mahendra Singh,
38515,K Santokie,Left hand Bat,Left arm Medium, ,Krishmar Santokie,Krishmar Santokie,
15049,C Ganapathy,Right hand Bat,Right arm Medium, ,Chandrasekar Ganapathy,Chandrasekar Ganapathy,
6715,RA Bawa,Left hand Bat,Right arm Medium fast, ,RajAngadBawa,RajAngad,
318,UT Yadav,Right hand Bat,Right arm Fast, ,Umeshkumar Tilak Yadav,Umeshkumar Tilak,
16414,KMDN Kulasekara,Right hand Bat,Right arm Fast medium, ,Kulasekara Mudiyanselage Dinesh Nuwan Kulasekara,Kulasekara Mudiyanselage,
37,BA Stokes,Left hand Bat,Right arm Fast medium, ,Benjamin Andrew Stokes,Benjamin Andrew,
1986,MK Lomror,Left hand Bat,Slow Left arm Orthodox, ,Mahipal Krishan Lomror,Mahipal Krishan,
6212,T Shamsi,Right hand Bat,Left arm Wrist spin, ,Tabraiz Shamsi,Tabraiz Shamsi,
3505,SE Rutherford,Left hand Bat,Right arm Fast medium, ,Sherfane Eviston Rutherford,Sherfane Eviston,
34817,Azhar Mahmood,Right hand Bat,Right arm Fast medium, ,Azhar Mahmood Sagar,Azhar Mahmood,
4146,TU Deshpande,Left hand Bat,Right arm Medium, ,Tushar Uday Deshpande,Tushar Uday,
11987,DJ Thornely,Right hand Bat,"Right arm Medium, Right arm Offbreak", ,Dominic John Thornely,Dominic John,
11928,M Kartik,Left hand Bat,Slow Left arm Orthodox, ,Murali Kartik,Murali Kartik,
297,Mustafizur Rahman,Left hand Bat,Left arm Fast medium, ,Mustafizur Rahman,Mustafizur Rahman,
8400,RJW Topley,Right hand Bat,Left arm Fast medium, ,Reece James William Topley,Reece James,
13458,KP Appanna,Right hand Bat,Slow Left arm Orthodox, ,Kotarangada Prabhu Appanna,Kotarangada Prabhu,
6245,NT Ellis,Right hand Bat,Right arm Fast medium, ,Nathan Ellis,Nathan Ellis,https://www.espncricinfo.com/cricketers/nathan-ellis-826915
1416,R Ashwin,Right hand Bat,Right arm Offbreak, ,Ravichandran Ashwin,Ravichandran Ashwin,https://www.espncricinfo.com/cricketers/ravichandran-ashwin-26421
7947,T Stubbs,Right hand Bat,Right arm Offbreak,Wicketkeeper,Tristan Stubbs,Tristan Stubbs,https://www.espncricinfo.com/cricketers/tristan-stubbs-595978
1443,DJM Short,Left hand Bat,Left arm Wrist spin, ,D'Arcy John Matthew Short,D'Arcy John,
811,IK Pathan,Left hand Bat,Left arm Medium fast, ,Irfan Khan Pathan,Irfan Khan,
634,AD Nath,Right hand Bat,Right arm Medium fast, ,Akshdeep Deependra Nath,Akshdeep Deependra,
14485,AA Jhunjhunwala,Right hand Bat,Right arm Offbreak, ,Abhishek Arunkumar Jhunjhunwala,Abhishek Arunkumar,
180,SV Samson,Right hand Bat, ,Wicketkeeper,Sanju Viswanath Samson,Sanju Viswanath,
12221,TM Srivastava,Left hand Bat,Right arm Medium, ,Tanmay Manoj Srivastava,Tanmay Manoj,
6036,Akash Singh,Right hand Bat,Left arm Medium fast, ,Akash Maharaj Singh,Akash Maharaj,
35030,R Shukla,Right hand Bat,Right arm Medium, ,Rahul Shukla,Rahul Shukla,
12160,A Kumble,Right hand Bat,Legbreak Googly, ,Anil Kumble,Anil Kumble,
12035,S Sohal,Right hand Bat,Legbreak, ,Sunny Sohal,Sunny Sohal,
16007,JJ van der Wath,Right hand Bat,Right arm Medium fast, ,Johannes Jacobus van der Wath,Johannes Jacobus,
13882,GJ Bailey,Right hand Bat,Right arm Medium, ,George John Bailey,George John,
2719,JM Bairstow,Right hand Bat,Right arm Medium,Wicketkeeper,Jonathan Marc Bairstow,Jonathan Marc,
66,TA Boult,Right hand Bat,Left arm Fast medium, ,Trent Alexander Boult,Trent Alexander,
258,CJ Anderson,Left hand Bat,Left arm Medium fast, ,Corey James Anderson,Corey James,
7036,Ramandeep Singh,Right hand Bat,Right arm Medium, ,Ramandeep Singh,Ramandeep Singh,https://www.espncricinfo.com/cricketers/ramandeep-singh-1079470
24,JC Buttler,Right hand Bat, ,Wicketkeeper,Joseph Charles Buttler,Joseph Charles,https://ipl-stats-sports-mechanic.s3.ap-south-1.amazonaws.com/ipl/playerimages/Jos%20Buttler.png
35239,BW Hilfenhaus,Right hand Bat,Right arm Fast medium, ,Benjamin William Hilfenhaus,Benjamin William,
5955,DJ Malan,Left hand Bat,Legbreak, ,Dawid Johannes Malan,Dawid Johannes,
12107,GC Smith,Left hand Bat,Right arm Offbreak, ,Graeme Craig Smith,Graeme Craig,
438,JD Unadkat,Right hand Bat,Left arm Medium, ,Jaydev Dipakbhai Unadkat,Jaydev Dipakbhai,
2947,MJ Santner,Left hand Bat,Slow Left arm Orthodox, ,Mitchell Josef Santner,Mitchell Josef,
348,RA Jadeja,Left hand Bat,Slow Left arm Orthodox, ,Ravindrasinh Anirudhsinh Jadeja,Ravindrasinh Anirudhsinh,
16529,M Klinger,Right hand Bat, , ,Michael Klinger,Michael Klinger,
12193,DNT Zoysa,Left hand Bat,Left arm Fast medium, ,Demuni Nuwan Tharanga Zoysa,Demuni Nuwan,
35322,PA Reddy,Right hand Bat,Legbreak, ,Produturi Akshath Reddy,Produturi Akshath,
13271,FH Edwards,Right hand Bat,Right arm Fast, ,Fidel Henderson Edwards,Fidel Henderson,
14353,Mohammad Ashraful,Right hand Bat,"Right arm Offbreak, Legbreak", ,Mohammad Ashraful,Mohammad Ashraful,
12315,Salman Butt,Left hand Bat,Right arm Offbreak, ,Salman Butt,Salman Butt,
9044,Abdul Basith,Right hand Bat,Right arm Offbreak, ,Pappanayil Abdul Basith,Pappanayil Abdul,
4274,JDS Neesham,Left hand Bat,Right arm Medium fast, ,James Douglas Sheahan Neesham,James Douglas,
11942,ML Hayden,Left hand Bat,Right arm Medium, ,Matthew Lawrence Hayden,Matthew Lawrence,"https://img1.hscicdn.com/image/upload/f_auto,t_ds_w_1280,q_80/lsci/db/PICTURES/CMS/319700/319706.png"
637,SS Agarwal,Right hand Bat,Legbreak Googly, ,Shubham Sanjay Agarwal,Shubham Sanjay,
33,JJ Bumrah,Right hand Bat,Right arm Fast, ,Jasprit Jasbirsingh Bumrah,Jasprit Jasbirsingh,
34931,A Chandila,Right hand Bat,Right arm Offbreak, ,Ajit  Chandila,Ajit  Chandila,
697,DM Bravo,Left hand Bat,Right arm Medium,Occasional Wicketkeeper,Darren Michael Bravo,Darren Michael,
7077,HE van der Dussen,Right hand Bat,Legbreak, ,Hendrik Erasmus van der Dussen,Hendrik Erasmus,
2934,P Ray Barman,Right hand Bat,Legbreak Googly, ,Prayas Ray Barman,Prayas Ray,
2760,Rasikh Salam,Right hand Bat,Right arm Medium, ,Rasikh Salam Dar,Rasikh Salam,
14729,AC Voges,Right hand Bat,Slow Left arm Orthodox, ,Adam Charles Voges,Adam Charles,
1436,RK Singh,Left hand Bat,Right arm Offbreak, ,Rinku Khanchand Singh,Rinku Khanchand,
1421,Q de Kock,Left hand Bat, ,Wicketkeeper,Quinton de Kock,Quinton de,
12523,L Balaji,Right hand Bat,Right arm Medium fast, ,Lakshmipathy Balaji,Lakshmipathy Balaji,
6999,B Sai Sudharsan,Left hand Bat,Legbreak, ,Bhardwaj Sai Sudharsan,Bhardwaj Sai,https://ipl-stats-sports-mechanic.s3.ap-south-1.amazonaws.com/ipl/playerimages/Sai%20Sudharsan.png
5980,PWH de Silva,Right hand Bat,Legbreak, ,Pinnaduwage Wanindu Hasaranga de Silva,Pinnaduwage Wanindu,
11990,AM Nayar,Left hand Bat,Right arm Medium, ,Abhishek Mohan Nayar,Abhishek Mohan,
14505,MS Bisla,Right hand Bat, ,Wicketkeeper,Manvinder Sultansingh Bisla,Manvinder Sultansingh,
12009,VVS Laxman,Right hand Bat,Right arm Offbreak, ,Vangipurappu Venkata Sai Laxman,Vangipurappu Venkata,
6795,D Pretorius,Right hand Bat,Right arm Medium fast, ,Dwaine Pretorius,Dwaine Pretorius,
38322,VH Zol,Left hand Bat,Right arm Offbreak, ,Vijay Hari Zol,Vijay Hari,
12093,VS Yeligati,Right hand Bat,Right arm Offbreak, ,Vikrant Shyam Yeligati,Vikrant Shyam,
5408,JA Richardson,Right hand Bat,Right arm Fast, ,Jhye Avon Richardson,Jhye Avon,
4071,D Padikkal,Left hand Bat,Right arm Offbreak, ,Devdutt Padikkal,Devdutt Padikkal,https://www.espncricinfo.com/cricketers/devdutt-padikkal-1119026
15507,AG Paunikar,Right hand Bat, ,Wicketkeeper,Amit Gajanan Paunikar,Amit Gajanan,
11985,L Ronchi,Right hand Bat, ,Wicketkeeper,Luke Ronchi,Luke Ronchi,
34,AM Rahane,Right hand Bat,Right arm Medium, ,Ajinkya Madhukar Rahane,Ajinkya Madhukar,https://ipl-stats-sports-mechanic.s3.ap-south-1.amazonaws.com/ipl/playerimages/Ajinkya%20Rahane.png
13402,RR Bose,Right hand Bat,Right arm Fast medium, ,Ranadeb Ranjit Bose,Ranadeb Ranjit,
36213,R Rampaul,Left hand Bat,Right arm Fast medium, ,Ravindranath Rampaul,Ravindranath Rampaul,
12535,A Chopra,Right hand Bat,"Right arm Medium, Right arm Offbreak", ,Aakash Chopra,Aakash Chopra,
11930,R Dravid,Right hand Bat,Right arm Offbreak,Occasional Wicketkeeper,Rahul Sharad Dravid,Rahul Sharad,
13973,C Nanda,Right hand Bat,Legbreak, ,Chetanya Nanda,Chetanya Nanda,
4099,Abdul Samad,Right hand Bat,Legbreak, ,Abdul Samad Farooq,Abdul Samad,https://www.espncricinfo.com/cricketers/abdul-samad-1175485
3284,LS Livingstone,Right hand Bat,"Right arm Offbreak, Legbreak", ,Liam Stephen Livingstone,Liam Stephen,
7365,HR Shokeen,Right hand Bat,Right arm Offbreak, ,Hrithik Rakesh Shokeen,Hrithik Rakesh,
7172,Yash Dayal,Right hand Bat,Left arm Medium fast, ,Yash Dayal,Yash Dayal,https://www.espncricinfo.com/cricketers/yash-dayal-1159720
38691,Karanveer Singh,Right hand Bat,Legbreak Googly, ,Karanveer Singh,Karanveer Singh,
15472,C Madan,Right hand Bat, ,Wicketkeeper,Chandan Madan,Chandan Madan,
10,YS Chahal,Right hand Bat,Legbreak Googly, ,Yuzvendra Singh Chahal,Yuzvendra Singh,https://ipl-stats-sports-mechanic.s3.ap-south-1.amazonaws.com/ipl/playerimages/Yuzvendra%20Chahal.png
16382,JE Taylor,Right hand Bat,Right arm Fast, ,Jerome Everton Taylor,Jerome Everton,
11931,W Jaffer,Right hand Bat,Right arm Offbreak, ,Wasim Jaffer,Wasim Jaffer,
14,MC Henriques,Right hand Bat,Right arm Fast medium, ,Moises Constantino Henriques,Moises Constantino,
11936,B Akhil,Right hand Bat,Right arm Medium fast, ,Balachandra Akhil,Balachandra Akhil,
1120,MJ Henry,Right hand Bat,Right arm Fast medium, ,Matthew James Henry,Matthew James,
64,Kuldeep Yadav,Left hand Bat,Left arm Wrist spin, ,Kuldeep Yadav,Kuldeep Yadav,https://www.espncricinfo.com/cricketers/kuldeep-yadav-559235
11975,V Sehwag,Right hand Bat,Right arm Offbreak, ,Virender Sehwag,Virender Sehwag,
12017,PP Ojha,Left hand Bat,Slow Left arm Orthodox, ,Pragyan Prayash Ojha,Pragyan Prayash,"https://img1.hscicdn.com/image/upload/f_auto,t_ds_square_w_160/lsci/db/PICTURES/CMS/322600/322694.1.png"
8356,NA Saini,Right hand Bat,Right arm Fast, ,Navdeep Amarjeet Saini,Navdeep Amarjeet,
12345,M Ntini,Right hand Bat,Right arm Fast, ,Makhaya Ntini,Makhaya Ntini,
18,NV Ojha,Right hand Bat, ,Wicketkeeper,Naman Vinaykumar Ojha,Naman Vinaykumar,
34272,RE Levi,Right hand Bat,Right arm Medium, ,Richard Ernst Levi,Richard Ernst,
14478,R McLaren,Left hand Bat,Right arm Medium fast, ,Ryan McLaren,Ryan McLaren,
15745,ND Doshi,Right hand Bat,Slow Left arm Orthodox, ,Nayan Dilip Doshi,Nayan Dilip,
26,N Rana,Left hand Bat,"Right arm Medium, Right arm Offbreak, Legbreak", ,Nitish Rana,Nitish Rana,https://www.espncricinfo.com/cricketers/nitish-rana-604527
12795,RV Pawar,Left hand Bat,Slow Left arm Orthodox, ,Rajesh Vithal Pawar,Rajesh Vithal,
8425,Yash Thakur,Right hand Bat,Right arm Fast medium, ,Yash Ravisingh Thakur,Yash Ravisingh,
13698,SM Harwood,Right hand Bat,Right arm Fast medium, ,Shane Michael Harwood,Shane Michael,
1,CH Gayle,Left hand Bat,Right arm Offbreak, ,Christopher Henry Gayle,Christopher Henry,https://ipl-stats-sports-mechanic.s3.ap-south-1.amazonaws.com/ipl/playerimages/Chris%20Gayle.png
11962,S Sreesanth,Right hand Bat,Right arm Fast medium, ,Shanthakumaran Sreesanth,Shanthakumaran Sreesanth,
15807,AL Menaria,Left hand Bat,Slow Left arm Orthodox, ,Ashok Lakshminarayan Menaria,Ashok Lakshminarayan,
2023,KM Asif,Right hand Bat,Right arm Medium, ,KM Asif,KM Asif,
2766,N Pooran,Left hand Bat,Right arm Offbreak,Wicketkeeper,Nicholas Pooran,Nicholas Pooran,https://ipl-stats-sports-mechanic.s3.ap-south-1.amazonaws.com/ipl/playerimages/Nicholas%20Pooran.png
8953,Mayank Dagar,Right hand Bat,Slow Left arm Orthodox, ,Mayank J Dagar,Mayank J,
9748,MD Shanaka,Right hand Bat,Right arm Medium, ,Madagamagamage Dasun Shanaka,Madagamagamage Dasun,
267,F du Plessis,Right hand Bat,Legbreak, ,Francois du Plessis,Francois du,https://ipl-stats-sports-mechanic.s3.ap-south-1.amazonaws.com/ipl/playerimages/Faf%20Du%20Plessis.png
13320,Yashpal Singh,Right hand Bat,Right arm Medium, ,Yashpal Singh,Yashpal Singh,
13228,JD Ryder,Left hand Bat,Right arm Medium, ,Jesse Daniel Ryder,Jesse Daniel,
2768,SM Curran,Left hand Bat,Left arm Medium fast, ,Samuel Matthew Curran,Samuel Matthew,
1630,M Vijay,Right hand Bat,Right arm Offbreak, ,Murali Vijay,Murali Vijay,
36227,SMSM Senanayake,Right hand Bat,Right arm Offbreak, ,Senanayake Mudiyanselage Sachithra Madhushanka Senanayake,Senanayake Mudiyanselage,
1398,C Munro,Left hand Bat,Right arm Medium fast, ,Colin Munro,Colin Munro,
12314,Gagandeep Singh,Right hand Bat,Right arm Medium fast, ,Gagandeep Singh,Gagandeep Singh,
34058,S Rana,Right hand Bat,Right arm Medium fast, ,Sachin Rana,Sachin Rana,
8,S Aravind,Left hand Bat,Left arm Medium fast, ,Sreenath Aravind,Sreenath Aravind,
341,S Badree,Right hand Bat,Legbreak, ,Samuel Badree,Samuel Badree,
14278,AB McDonald,Right hand Bat,Right arm Fast medium, ,Andrew Barry McDonald,Andrew Barry,
184,PJ Cummins,Right hand Bat,Right arm Fast, ,Patrick James Cummins,Patrick James,
4078,I Udana,Right hand Bat,Left arm Medium fast, ,Isuru Udana Tillakaratna,Isuru Udana,
1998,M Ashwin,Right hand Bat,Legbreak Googly, ,Murugan Ashwin,Murugan Ashwin,
13203,T Thushara,Left hand Bat,Left arm Fast medium, ,Magina Thilan Thushara Mirando,Magina Thilan,
14649,DR Martyn,Right hand Bat,Right arm Medium, ,Damien Richard Martyn,Damien Richard,
11998,LRPL Taylor,Right hand Bat,Right arm Offbreak, ,Luteru Ross Poutoa Lote Taylor,Luteru Ross,
12765,PM Sarvesh Kumar,Right hand Bat,Right arm Medium, ,PM Sarvesh Kumar,PM Sarvesh,
8312,Sikandar Raza,Right hand Bat,Right arm Offbreak, ,Sikandar Raza Butt,Sikandar Raza,
12842,Abdur Razzak,Left hand Bat,Slow Left arm Orthodox, ,Abdur Razzak,Abdur Razzak,
7005,DG Nalkande,Right hand Bat,Right arm Fast medium, ,Darshan Girish Nalkande,Darshan Girish,
16296,J Syed Mohammad,Left hand Bat,Slow Left arm Orthodox, ,Jamaluddin Syed Mohammad,Jamaluddin Syed,
2745,KMA Paul,Right hand Bat,Right arm Fast medium, ,Keemo Mandela Angus Paul,Keemo Mandela,
14873,NLTC Perera,Left hand Bat,Right arm Medium fast, ,Narangoda Liyanaarachchilage Thisara Chirantha Perera,Narangoda Liyanaarachchilage,
6727,A Badoni,Right hand Bat,Right arm Offbreak, ,Ayush Badoni,Ayush Badoni,https://www.espncricinfo.com/cricketers/ayush-badoni-1151270
1471,TK Curran,Right hand Bat,Right arm Fast medium, ,Thomas Kevin Curran,Thomas Kevin,
14454,Anirudh Singh,Left hand Bat,Right arm Medium, ,Anirudh Singh,Anirudh Singh,
3793,J Suchith,Left hand Bat,Slow Left arm Orthodox, ,Jagadeesha Suchith,Jagadeesha Suchith,
1581,Shivam Mavi,Right hand Bat,Right arm Fast medium, ,Shivam Pankaj Mavi,Shivam Pankaj,
57,CA Lynn,Right hand Bat,Slow Left arm Orthodox, ,Christopher Austin Lynn,Christopher Austin,
5986,VR Iyer,Left hand Bat,Right arm Medium, ,Venkatesh Rajasekaran Iyer,Venkatesh Rajasekaran,
12369,DP Vijaykumar,Right hand Bat,Right arm Medium, ,David Paidikalva Vijaykumar,David Paidikalva,
178,SW Billings,Right hand Bat, ,Wicketkeeper,Samuel William Billings,Samuel William,
33963,Y Gnaneswara Rao,Right hand Bat,Right arm Medium, ,Yalaka Gnaneswara Rao,Yalaka Gnaneswara,
3641,O Thomas,Left hand Bat,Right arm Fast, ,Oshane Romaine Thomas,Oshane Romaine,
7476,R Dhawan,Right hand Bat,Right arm Medium fast, ,Rishi Dhawan,Rishi Dhawan,
15867,BA Bhatt,Left hand Bat,Slow Left arm Orthodox, ,Bhargav Ashok Bhatt,Bhargav Ashok,
6550,TH David,Right hand Bat,Right arm Offbreak, ,Timothy Hays David,Timothy Hays,
12269,CRD Fernando,Right hand Bat,Right arm Fast medium, ,Congenige Randhi Dilhara Fernando,Congenige Randhi,
16009,R Ninan,Right hand Bat,Right arm Offbreak, ,Ryan Ninan,Ryan Ninan,
11,A Choudhary,Right hand Bat,Left arm Medium, ,Aniket Vinod Choudhary,Aniket Vinod,
3100,AS Joseph,Right hand Bat,Right arm Fast, ,Alzarri Shaheim Joseph,Alzarri Shaheim,
6944,D Brevis,Right hand Bat,Legbreak, ,Dewald Brevis,Dewald Brevis,
14303,CK Langeveldt,Right hand Bat,Right arm Fast medium, ,Charl Kenneth Langeveldt,Charl Kenneth,
14707,AB Barath,Right hand Bat,Right arm Offbreak, ,Adrian Boris Barath,Adrian Boris,
2138,DR Shorey,Right hand Bat,Right arm Offbreak, ,Dhruv Ranjan Shorey,Dhruv Ranjan,
753,SP Jackson,Right hand Bat, ,Wicketkeeper,Sheldon Philip Jackson,Sheldon Philip,
2,Mandeep Singh,Right hand Bat,Right arm Medium, ,Mandeep Singh,Mandeep Singh,
11956,SM Katich,Left hand Bat,Left arm Wrist spin, ,Simon Mathew Katich,Simon Mathew,
538,Mohammed Siraj,Right hand Bat,Right arm Fast, ,Mohammed Siraj,Mohammed Siraj,https://www.espncricinfo.com/cricketers/mohammed-siraj-940973
12234,JA Morkel,Left hand Bat,Right arm Medium fast, ,Johannes Albertus Morkel,Johannes Albertus,
50,DR Smith,Right hand Bat,Right arm Medium, ,Dwayne Romel Smith,Dwayne Romel,
13,S Dhawan,Left hand Bat,Right arm Offbreak, ,Shikhar Dhawan,Shikhar Dhawan,https://ipl-stats-sports-mechanic.s3.ap-south-1.amazonaws.com/ipl/playerimages/Shikhar%20Dhawan.png
71,GJ Maxwell,Right hand Bat,Right arm Offbreak, ,Glenn James Maxwell,Glenn James,https://ipl-stats-sports-mechanic.s3.ap-south-1.amazonaws.com/ipl/playerimages/Glenn%20Maxwell.png
36973,UA Birla,Right hand Bat,Right arm Medium, ,Udit Alok Birla,Udit Alok,
316,C de Grandhomme,Right hand Bat,Right arm Medium fast, ,Colin de Grandhomme,Colin de,
8646,YV Dhull,Right hand Bat,Right arm Offbreak, ,Yash Vijay Dhull,Yash Vijay,
34522,GB Hogg,Left hand Bat,Left arm Wrist spin, ,George Bradley Hogg,George Bradley,
8776,Harpreet Singh,Left hand Bat,Right arm Medium, ,Harpreet Singh Bhatia,Harpreet Singh,
12546,J Arunkumar,Right hand Bat,Right arm Offbreak, ,Jagadeesh Arunkumar,Jagadeesh Arunkumar,
14712,SJ Srivastava,Right hand Bat,Left arm Fast medium, ,Shalabh Jagdishprasad Srivastava,Shalabh Jagdishprasad,
8082,R Sanjay Yadav,Left hand Bat,Slow Left arm Orthodox, ,Ramsingh  Sanjay Yadav,Ramsingh  Sanjay,
15150,SB Wagh,Left hand Bat,Left arm Medium fast, ,Shrikant Bhaskar Wagh,Shrikant Bhaskar,
179,KK Nair,Right hand Bat,Right arm Offbreak, ,Karun Nair,Karun Nair,https://www.espncricinfo.com/cricketers/karun-nair-398439
228,Harbhajan Singh,Right hand Bat,Right arm Offbreak, ,Harbhajan Singh,Harbhajan Singh,
1035,LMP Simmons,Right hand Bat,Right arm Medium fast,Occasional Wicketkeeper,Lendl Mark Platter Simmons,Lendl Mark,
13502,Shoaib Ahmed,Right hand Bat,Right arm Fast medium, ,Syed Mohammad Shoaib Ahmed,Syed Mohammad,
13763,D du Preez,Right hand Bat,Right arm Fast medium, ,Dillon du Preez,Dillon du,
3393,AJ Turner,Right hand Bat,Right arm Offbreak, ,Ashton James Turner,Ashton James,
15818,RV Gomez,Right hand Bat,Right arm Medium, ,Raiphi Vincent Gomez,Raiphi Vincent,
389,SS Iyer,Right hand Bat,"Right arm Offbreak, Legbreak Googly", ,Shreyas Santosh Iyer,Shreyas Santosh,
12007,AC Gilchrist,Left hand Bat,Right arm Offbreak,Wicketkeeper,Adam Craig Gilchrist,Adam Craig,"https://img1.hscicdn.com/image/upload/f_auto,t_ds_w_1280,q_80/lsci/db/PICTURES/CMS/319600/319684.png"
1377,E Lewis,Left hand Bat, , ,Evin Lewis,Evin Lewis,
4058,SS Cottrell,Right hand Bat,Left arm Fast medium, ,Sheldon Shane Cottrell,Sheldon Shane,
37119,Parvez Rasool,Right hand Bat,Right arm Offbreak, ,Parvez Ghulam Rasool Zargar,Parvez Ghulam,
1419,Mujeeb Ur Rahman,Right hand Bat,Right arm Offbreak, ,Mujeeb Ur Rahman,Mujeeb Ur,
12010,A Symonds,Right hand Bat,"Right arm Medium, Right arm Offbreak", ,Andrew Symonds,Andrew Symonds,
13267,Harmeet Singh,Right hand Bat,Right arm Medium, ,Harmeet Singh Bansal,Harmeet Singh,
3246,JL Denly,Right hand Bat,Legbreak, ,Joseph Liam Denly,Joseph Liam,
13250,RS Bopara,Right hand Bat,Right arm Medium, ,Ravinder Singh Bopara,Ravinder Singh,
613,Washington Sundar,Left hand Bat,Right arm Offbreak, ,Washington Sundar,Washington Sundar,https://www.espncricinfo.com/cricketers/washington-sundar-719715
7024,Shashank Singh,Right hand Bat,"Right arm Medium, Right arm Offbreak", ,Shashank Singh,Shashank Singh,https://www.espncricinfo.com/cricketers/shashank-singh-377534
4047,A Nortje,Right hand Bat,Right arm Fast, ,Anrich Arno Nortje,Anrich Arno,
1559,A Dananjaya,Left hand Bat,"Right arm Offbreak, Legbreak", ,Mahamarakkala Kurukulasooriya Patabendige Akila Dananjaya Perera,Mahamarakkala Kurukulasooriya,
495,S Kaul,Right hand Bat,Right arm Medium, ,Siddarth Kaul,Siddarth Kaul,
1580,Shubman Gill,Right hand Bat,Right arm Offbreak, ,Shubman Gill,Shubman Gill,https://ipl-stats-sports-mechanic.s3.ap-south-1.amazonaws.com/ipl/playerimages/Shubman%20Gill.png
34089,KH Devdhar,Right hand Bat, ,Wicketkeeper,Kedar Hemant Devdhar,Kedar Hemant,
1409,KL Rahul,Right hand Bat, ,Wicketkeeper,Kannaur Lokesh Rahul,Kannaur Lokesh,https://ipl-stats-sports-mechanic.s3.ap-south-1.amazonaws.com/ipl/playerimages/KL%20Rahul.png
34304,M de Lange,Right hand Bat,Right arm Fast, ,Marchant de Lange,Marchant de,
11961,WA Mota,Right hand Bat,Right arm Medium, ,Wilkin Arvind Mota,Wilkin Arvind,
51,MS Gony,Right hand Bat,Right arm Medium, ,Manpreet Singh Gony,Manpreet Singh,
36609,X Thalaivan Sargunam,Right hand Bat,Right arm Offbreak, ,Xavier Thalaivan Sargunam,Xavier Thalaivan,
13198,A Flintoff,Right hand Bat,Right arm Fast medium, ,Andrew Flintoff,Andrew Flintoff,
3076,SC Kuggeleijn,Right hand Bat,Right arm Fast medium, ,Scott Christopher Kuggeleijn,Scott Christopher,
219,AS Rajpoot,Right hand Bat,Right arm Medium, ,Ankit Singh Rajpoot,Ankit Singh,
230,SL Malinga,Right hand Bat,Right arm Fast, ,Separamadu Lasith Malinga,Separamadu Lasith,https://ipl-stats-sports-mechanic.s3.ap-south-1.amazonaws.com/ipl/playerimages/Lasith%20Malinga.png
1386,M Markande,Right hand Bat,Legbreak, ,Mayank Markande,Mayank Markande,https://www.espncricinfo.com/cricketers/mayank-markande-1081442
75,MM Sharma,Right hand Bat,Right arm Medium, ,Mohit Mahipal Sharma,Mohit Mahipal,https://ipl-stats-sports-mechanic.s3.ap-south-1.amazonaws.com/ipl/playerimages/Mohit%20Sharma.png
12014,SB Bangar,Right hand Bat,Right arm Medium fast, ,Sanjay Bapusaheb Bangar,Sanjay Bapusaheb,
12147,Sohail Tanvir,Left hand Bat,Left arm Medium fast, ,Sohail Tanvir,Sohail Tanvir,"https://img1.hscicdn.com/image/upload/f_auto,t_ds_square_w_160/lsci/db/PICTURES/CMS/320400/320472.1.png"
37979,BR Dunk,Left hand Bat,Right arm Offbreak,Wicketkeeper,Ben Robert Dunk,Ben Robert,
308,I Sharma,Right hand Bat,Right arm Fast medium, ,Ishant Sharma,Ishant Sharma,https://www.espncricinfo.com/cricketers/ishant-sharma-236779
9371,Akash Madhwal,Right hand Bat,Right arm Medium fast, ,Akash Madhwal,Akash Madhwal,https://www.espncricinfo.com/cricketers/akash-madhwal-1206039
40813,SM Boland,Right hand Bat,Right arm Fast medium, ,Scott Michael Boland,Scott Michael,
9931,H Sharma,Right hand Bat,Legbreak, ,Himanshu Sharma,Himanshu Sharma,
13497,AA Bilakhia,Right hand Bat,Right arm Medium, ,Azharuddin Anjum Bilakhia,Azharuddin Anjum,
35153,MJ Clarke,Right hand Bat,Slow Left arm Orthodox, ,Michael John Clarke,Michael John,
8372,HC Brook,Right hand Bat,Right arm Medium, ,Harry Cherrington Brook,Harry Cherrington,
11919,SC Ganguly,Left hand Bat,Right arm Medium, ,Sourav Chandidas Ganguly,Sourav Chandidas,
4,KM Jadhav,Right hand Bat,Right arm Offbreak, ,Kedar Mahadav Jadhav,Kedar Mahadav,
29,KA Pollard,Right hand Bat,Right arm Medium, ,Kieron Adrian Pollard,Kieron Adrian,
6713,PBB Rajapaksa,Left hand Bat,Right arm Medium, ,Pramod Bhanuka Bandara Rajapaksa,Pramod Bhanuka,
14622,SE Bond,Right hand Bat,Right arm Fast, ,Shane Edward Bond,Shane Edward,
2329,JPR Scantlebury-Searles,Right hand Bat,Right arm Fast medium, ,Javon Philip Ramon Scantlebury-Searles,Javon Philip,
172,P Negi,Left hand Bat,Slow Left arm Orthodox, ,Pawan Negi,Pawan Negi,
12032,DPMD Jayawardene,Right hand Bat,Right arm Medium, ,Denagamage Proboth Mahela de Silva Jayawardene,Denagamage Proboth,
604,MG Johnson,Left hand Bat,Left arm Fast, ,Mitchell Guy Johnson,Mitchell Guy,
12738,RR Powar,Right hand Bat,Right arm Offbreak, ,Ramesh Rajaram Powar,Ramesh Rajaram,
14726,FY Fazal,Left hand Bat,Right arm Medium, ,Faiz Yakub Fazal,Faiz Yakub,
11951,M Muralitharan,Right hand Bat,Right arm Offbreak, ,Muthiah Muralidaran,Muthiah Muralidaran,
6880,JM Sharma,Right hand Bat, ,Wicketkeeper,Jitesh Mohan Sharma,Jitesh Mohan,
12465,DT Patil,Right hand Bat, ,Wicketkeeper,Devraj Thyagaraj Patil,Devraj Thyagaraj,
11953,JR Hopes,Right hand Bat,Right arm Medium, ,James Redfern Hopes,James Redfern,
6885,VG Arora,Right hand Bat,Right arm Fast medium, ,Vaibhav Gopal Arora,Vaibhav Gopal,
9225,AJ Hosein,Left hand Bat,Slow Left arm Orthodox, ,Akeal Jerome Hosein,Akeal Jerome,
16862,CJ Ferguson,Right hand Bat,Right arm Medium, ,Callum James Ferguson,Callum James,
14985,KAJ Roach,Right hand Bat,Right arm Fast medium, ,Kemar Andre Jamal Roach,Kemar Andre,
400,EJG Morgan,Left hand Bat,Right arm Medium,Occasional Wicketkeeper,Eoin Joseph Gerard Morgan,Eoin Joseph,
